Date,Children apprehended and placed in CBP custody*,Children in CBP custody,Children transferred out of CBP custody,Children in HHS Care,Children discharged from HHS Care,data_status,CBP Transfer Violation,HHS Discharge Violation,Anomaly Flag,Total System Load,Net Daily Intake,Care Load Growth Rate,Backlog Indicator,Discharge Offset Ratio,High Load Period,High Load Streak,7day Rolling Avg,14day Rolling Avg,Strain Window
2023-01-12,33,53,34,6566,436,Original,False,False,False,6619,-402,,-402,12.823529411764707,False,1,,,False
2023-01-13,0,53,0,6566,0,Imputed,False,False,False,6619,0,0.0,-402,,False,1,,,False
2023-01-14,0,53,0,6566,0,Imputed,False,False,False,6619,0,0.0,-402,,False,1,,,False
2023-01-15,0,53,0,6566,0,Imputed,False,False,False,6619,0,0.0,-402,,False,1,,,False
2023-01-16,0,53,0,6566,0,Imputed,False,False,False,6619,0,0.0,-402,,False,1,,,False
2023-01-17,0,53,0,6566,0,Imputed,False,False,False,6619,0,0.0,-402,,False,1,,,False
2023-01-18,0,53,0,6566,0,Imputed,False,False,False,6619,0,0.0,-402,,False,1,6619.0,,False
2023-01-19,0,53,0,6566,0,Imputed,False,False,False,6619,0,0.0,-402,,False,1,6619.0,,False
2023-01-20,0,53,0,6566,0,Imputed,False,False,False,6619,0,0.0,-402,,False,1,6619.0,,False
2023-01-21,0,53,0,6566,0,Imputed,False,False,False,6619,0,0.0,-402,,False,1,6619.0,,False
2023-01-22,32,49,39,7122,227,Original,False,False,False,7171,-188,8.339628342649942,-590,5.82051282051282,False,1,6697.857142857143,,False
2023-01-23,32,50,39,7280,181,Original,False,False,False,7330,-142,2.2172639799191263,-732,4.641025641025641,False,1,6799.428571428572,,False
2023-01-24,47,42,47,7433,175,Original,True,False,True,7475,-128,1.9781718963165051,-860,3.723404255319149,False,1,6921.714285714285,,False
2023-01-25,20,22,41,7538,180,Original,True,False,True,7560,-139,1.1371237458194017,-999,4.390243902439025,False,1,7056.142857142857,6837.571428571428,False
2023-01-26,0,22,0,7538,0,Imputed,False,False,False,7560,0,0.0,-999,,False,1,7190.571428571428,6904.785714285715,False
2023-01-27,0,22,0,7538,0,Imputed,False,False,False,7560,0,0.0,-999,,False,1,7325.0,6972.0,False
2023-01-28,0,22,0,7538,0,Imputed,False,False,False,7560,0,0.0,-999,,False,1,7459.428571428572,7039.214285714285,False
2023-01-29,23,45,11,7472,303,Original,False,False,False,7517,-292,-0.5687830687830742,-1291,27.545454545454547,False,1,7508.857142857143,7103.357142857143,False
2023-01-30,34,54,29,7743,196,Original,False,False,False,7797,-167,3.7248902487694524,-1458,6.758620689655173,False,1,7575.571428571428,7187.5,False
2023-01-31,26,36,36,7803,158,Original,False,False,False,7839,-122,0.538668718737978,-1580,4.388888888888889,False,1,7627.571428571428,7274.642857142857,False
2023-02-01,25,32,27,7903,231,Original,False,False,False,7935,-204,1.2246460007653948,-1784,8.555555555555555,False,1,7681.142857142857,7368.642857142857,False
2023-02-02,15,13,23,7879,298,Original,True,False,True,7892,-275,-0.5419029615627013,-2059,12.956521739130435,False,1,7728.571428571428,7459.571428571428,False
2023-02-03,0,13,0,7879,0,Imputed,False,False,False,7892,0,0.0,-2059,,False,1,7776.0,7550.5,False
2023-02-04,0,13,0,7879,0,Imputed,False,False,False,7892,0,0.0,-2059,,False,1,7823.428571428572,7641.428571428572,False
2023-02-05,16,18,15,7586,342,Original,False,False,False,7604,-327,-3.6492650785605707,-2386,22.8,False,1,7835.857142857143,7672.357142857143,False
2023-02-06,11,22,12,7720,196,Original,False,False,False,7742,-184,1.8148342977380327,-2570,16.333333333333332,False,1,7828.0,7701.785714285715,False
2023-02-07,16,20,20,7855,200,Original,False,False,False,7875,-180,1.7179023508137492,-2750,10.0,False,1,7833.142857142857,7730.357142857143,False
2023-02-08,93,196,169,7915,317,Original,False,False,False,8111,-148,2.9968253968253977,-2898,1.8757396449704142,False,1,7858.285714285715,7769.714285714285,False
2023-02-09,124,234,161,7908,353,Original,False,False,False,8142,-192,0.3821970163974786,-3090,2.1925465838509317,False,1,7894.0,7811.285714285715,False
2023-02-10,0,234,0,7908,0,Imputed,False,False,False,8142,0,0.0,-3090,,False,1,7929.714285714285,7852.857142857143,False
2023-02-11,0,234,0,7908,0,Imputed,False,False,False,8142,0,0.0,-3090,,False,1,7965.428571428572,7894.428571428572,False
2023-02-12,92,203,173,7434,317,Original,False,False,False,7637,-144,-6.202407270940801,-3234,1.8323699421965318,False,1,7970.142857142857,7903.0,False
2023-02-13,186,259,172,7483,244,Original,False,False,False,7742,-72,1.3748854262144894,-3306,1.4186046511627908,False,1,7970.142857142857,7899.071428571428,False
2023-02-14,154,225,220,7794,223,Original,False,False,False,8019,-3,3.577886850942913,-3309,1.0136363636363637,False,1,7990.714285714285,7911.928571428572,False
2023-02-15,91,199,172,7869,290,Original,False,False,False,8068,-118,0.6110487591969083,-3427,1.686046511627907,False,1,7984.571428571428,7921.428571428572,False
2023-02-16,81,213,153,7793,361,Original,False,False,False,8006,-208,-0.7684680218145723,-3635,2.3594771241830066,False,1,7965.142857142857,7929.571428571428,False
2023-02-17,0,213,0,7793,0,Imputed,False,False,False,8006,0,0.0,-3635,,False,1,7945.714285714285,7937.714285714285,False
2023-02-18,0,213,0,7793,0,Imputed,False,False,False,8006,0,0.0,-3635,,False,1,7926.285714285715,7945.857142857143,False
2023-02-19,0,213,0,7793,0,Imputed,False,False,False,8006,0,0.0,-3635,,False,1,7979.0,7974.571428571428,False
2023-02-20,209,285,184,7817,209,Original,False,False,False,8102,-25,1.1991006744941357,-3660,1.1358695652173914,False,1,8030.428571428572,8000.285714285715,False
2023-02-21,184,314,217,7967,213,Original,False,False,False,8281,4,2.209331029375461,-3656,0.9815668202764977,False,1,8067.857142857143,8029.285714285715,False
2023-02-22,107,215,230,7978,232,Original,True,False,True,8193,-2,-1.0626735901461126,-3658,1.008695652173913,False,1,8085.714285714285,8035.142857142857,False
2023-02-23,101,162,178,7914,386,Original,True,False,True,8076,-208,-1.42804833394361,-3866,2.168539325842697,False,1,8095.714285714285,8030.428571428572,False
2023-02-24,0,162,0,7914,0,Imputed,False,False,False,8076,0,0.0,-3866,,False,1,8105.714285714285,8025.714285714285,False
2023-02-25,0,162,0,7914,0,Imputed,False,False,False,8076,0,0.0,-3866,,False,1,8115.714285714285,8021.0,False
2023-02-26,99,190,176,7609,323,Original,False,False,False,7799,-147,-3.42991579990094,-4013,1.8352272727272727,False,1,8086.142857142857,8032.571428571428,False
2023-02-27,167,239,166,7800,248,Original,False,False,False,8039,-82,3.077317604821128,-4095,1.4939759036144578,False,1,8077.142857142857,8053.785714285715,False
2023-02-28,115,216,169,7896,200,Original,False,False,False,8112,-31,0.9080731434258027,-4126,1.183431952662722,False,1,8053.0,8060.428571428572,False
2023-03-01,84,158,193,7930,307,Original,True,False,True,8088,-114,-0.295857988165682,-4240,1.5906735751295338,False,1,8038.0,8061.857142857143,False
2023-03-02,130,227,192,7870,335,Original,False,False,False,8097,-143,0.1112759643916883,-4383,1.7447916666666667,False,1,8041.0,8068.357142857143,False
2023-03-03,0,227,0,7870,0,Imputed,False,False,False,8097,0,0.0,-4383,,False,1,8044.0,8074.857142857143,False
2023-03-04,0,227,0,7870,0,Imputed,False,False,False,8097,0,0.0,-4383,,False,1,8047.0,8081.357142857143,False
2023-03-05,0,227,0,7870,0,Imputed,False,False,False,8097,0,0.0,-4383,,False,1,8089.571428571428,8087.857142857143,False
2023-03-06,0,227,0,7870,0,Imputed,False,False,False,8097,0,0.0,-4383,,False,1,8097.857142857143,8087.5,False
2023-03-07,88,214,160,7859,259,Original,False,False,False,8073,-99,-0.2964060763245624,-4482,1.61875,False,1,8092.285714285715,8072.642857142857,False
2023-03-08,113,208,159,7885,291,Original,False,False,False,8093,-132,0.24773937817414993,-4614,1.830188679245283,False,1,8093.0,8065.5,False
2023-03-09,174,285,150,7786,340,Original,False,False,False,8071,-190,-0.27183986160880247,-4804,2.2666666666666666,False,1,8089.285714285715,8065.142857142857,False
2023-03-10,0,285,0,7786,0,Imputed,False,False,False,8071,0,0.0,-4804,,False,1,8085.571428571428,8064.785714285715,False
2023-03-11,0,285,0,7786,0,Imputed,False,False,False,8071,0,0.0,-4804,,False,1,8081.857142857143,8064.428571428572,False
2023-03-12,0,285,0,7786,0,Imputed,False,False,False,8071,0,0.0,-4804,,False,1,8078.142857142857,8083.857142857143,False
2023-03-13,104,230,206,7567,249,Original,False,False,False,7797,-43,-3.3948705240986254,-4847,1.2087378640776698,False,1,8035.285714285715,8066.571428571428,False
2023-03-14,147,276,214,7810,181,Original,False,False,False,8086,33,3.70655380274465,-4814,0.8457943925233645,False,1,8037.142857142857,8064.714285714285,False
2023-03-15,108,220,213,7915,286,Original,False,False,False,8135,-73,0.6059856542171671,-4887,1.3427230046948357,False,1,8043.142857142857,8068.071428571428,False
2023-03-16,180,280,146,7989,308,Original,False,False,False,8269,-162,1.647203441917644,-5049,2.1095890410958904,False,1,8071.428571428572,8080.357142857143,False
2023-03-17,0,280,0,7989,0,Imputed,False,False,False,8269,0,0.0,-5049,,False,1,8099.714285714285,8092.642857142857,False
2023-03-18,0,280,0,7989,0,Imputed,False,False,False,8269,0,0.0,-5049,,False,1,8128.0,8104.928571428572,False
2023-03-19,134,294,186,7885,306,Original,False,False,False,8179,-120,-1.0884024670455905,-5169,1.6451612903225807,False,1,8143.428571428572,8110.785714285715,False
2023-03-20,202,313,158,7931,279,Original,False,False,False,8244,-121,0.7947181807066883,-5290,1.7658227848101267,False,1,8207.285714285714,8121.285714285715,False
2023-03-21,110,272,193,8050,221,Original,False,False,False,8322,-28,0.9461426491994107,-5318,1.145077720207254,False,1,8241.0,8139.071428571428,False
2023-03-22,166,277,229,8097,246,Original,False,False,False,8374,-17,0.6248497957221932,-5335,1.074235807860262,False,1,8275.142857142857,8159.142857142857,False
2023-03-23,136,276,178,8102,331,Original,False,False,False,8378,-153,0.04776689754000252,-5488,1.8595505617977528,False,1,8290.714285714286,8181.071428571428,False
2023-03-24,0,276,0,8102,0,Imputed,False,False,False,8378,0,0.0,-5488,,False,1,8306.285714285714,8203.0,False
2023-03-25,0,276,0,8102,0,Imputed,False,False,False,8378,0,0.0,-5488,,False,1,8321.857142857143,8224.92857142857,False
2023-03-26,87,246,173,7847,352,Original,False,False,False,8093,-179,-3.4017665313917367,-5667,2.0346820809248554,False,1,8309.57142857143,8226.5,False
2023-03-27,84,171,157,7994,235,Original,False,False,False,8165,-78,0.8896577289015273,-5745,1.4968152866242037,False,1,8298.285714285714,8252.785714285714,False
2023-03-28,167,209,157,8079,223,Original,False,False,False,8288,-66,1.5064298836497292,-5811,1.4203821656050954,False,1,8293.42857142857,8267.214285714286,False
2023-03-29,109,245,159,8208,267,Original,False,False,False,8453,-108,1.9908301158301223,-5919,1.679245283018868,False,1,8304.714285714286,8289.92857142857,False
2023-03-30,156,256,176,8158,359,Original,False,False,False,8414,-183,-0.4613746598840618,-6102,2.039772727272727,False,1,8309.857142857143,8300.285714285714,False
2023-03-31,0,256,0,8158,0,Imputed,False,False,False,8414,0,0.0,-6102,,False,1,8315.0,8310.642857142857,False
2023-04-01,0,256,0,8158,0,Imputed,False,False,False,8414,0,0.0,-6102,,False,1,8320.142857142857,8321.0,False
2023-04-02,125,232,192,7981,304,Original,False,False,False,8213,-112,-2.388875683384839,-6214,1.5833333333333333,False,1,8337.285714285714,8323.42857142857,False
2023-04-03,118,139,168,8054,284,Original,True,False,True,8193,-116,-0.24351637647631597,-6330,1.6904761904761905,False,1,8341.285714285714,8319.785714285714,False
2023-04-04,142,235,139,8068,259,Original,False,False,False,8303,-120,1.3426095447333086,-6450,1.8633093525179856,False,1,8343.42857142857,8318.42857142857,False
2023-04-05,148,245,175,8175,260,Original,False,False,False,8420,-85,1.4091292303986425,-6535,1.4857142857142858,False,1,8338.714285714286,8321.714285714286,False
2023-04-06,119,219,210,8178,284,Original,False,False,False,8397,-74,-0.2731591448931092,-6609,1.3523809523809525,False,1,8336.285714285714,8323.07142857143,False
2023-04-07,0,219,0,8178,0,Imputed,False,False,False,8397,0,0.0,-6609,,False,1,8333.857142857143,8324.42857142857,False
2023-04-08,0,219,0,8178,0,Imputed,False,False,False,8397,0,0.0,-6609,,False,1,8331.42857142857,8325.785714285714,False
2023-04-09,105,210,149,7900,329,Original,False,False,False,8110,-180,-3.4178873407169186,-6789,2.208053691275168,False,1,8316.714285714286,8327.0,False
2023-04-10,143,203,163,7826,265,Original,False,False,False,8029,-102,-0.998766954377317,-6891,1.6257668711656441,False,1,8293.285714285714,8317.285714285714,False
2023-04-11,119,209,152,7922,187,Original,False,False,False,8131,-35,1.2703948187819059,-6926,1.230263157894737,False,1,8268.714285714286,8306.07142857143,False
2023-04-12,155,212,181,7876,283,Original,False,False,False,8088,-102,-0.5288402410527637,-7028,1.5635359116022098,False,1,8221.285714285714,8280.0,False
2023-04-13,109,214,173,7795,370,Original,False,False,False,8009,-197,-0.97675568743818,-7225,2.138728323699422,False,1,8165.857142857143,8251.07142857143,False
2023-04-14,0,214,0,7795,0,Imputed,False,False,False,8009,0,0.0,-7225,,False,1,8110.428571428572,8222.142857142857,False
2023-04-15,0,214,0,7795,0,Imputed,False,False,False,8009,0,0.0,-7225,,False,1,8055.0,8193.214285714286,False
2023-04-16,191,283,192,7380,272,Original,False,False,False,7663,-80,-4.320139842676984,-7305,1.4166666666666667,False,1,7991.142857142857,8153.928571428572,False
2023-04-17,170,297,196,7344,248,Original,False,False,False,7641,-52,-0.2870938274827095,-7357,1.2653061224489797,False,1,7935.714285714285,8114.5,False
2023-04-18,152,272,214,7376,234,Original,False,False,False,7648,-20,0.0916110456746555,-7377,1.0934579439252337,False,1,7866.714285714285,8067.714285714285,False
2023-04-19,239,367,224,7356,229,Original,False,False,False,7723,-5,0.9806485355648542,-7382,1.0223214285714286,False,1,7814.571428571428,8017.928571428572,False
2023-04-20,113,280,237,7490,320,Original,False,False,False,7770,-83,0.6085717985238936,-7465,1.350210970464135,False,1,7780.428571428572,7973.142857142857,False
2023-04-21,0,280,0,7490,0,Imputed,False,False,False,7770,0,0.0,-7465,,False,1,7746.285714285715,7928.357142857143,False
2023-04-22,0,280,0,7490,0,Imputed,False,False,False,7770,0,0.0,-7465,,False,1,7712.142857142857,7883.571428571428,False
2023-04-23,196,306,187,7534,266,Original,False,False,False,7840,-79,0.9009009009008917,-7544,1.4224598930481283,False,1,7737.428571428572,7864.285714285715,False
2023-04-24,236,330,222,7796,213,Original,False,False,False,8126,9,3.647959183673466,-7535,0.9594594594594594,False,1,7806.714285714285,7871.214285714285,False
2023-04-25,81,230,242,8017,202,Original,True,False,True,8247,40,1.4890475018459304,-7495,0.8347107438016529,False,1,7892.285714285715,7879.5,False
2023-04-26,118,245,160,8117,256,Original,False,False,False,8362,-96,1.3944464653813604,-7591,1.6,False,1,7983.571428571428,7899.071428571428,False
2023-04-27,218,283,208,8159,310,Original,False,False,False,8442,-102,0.9567089213107005,-7693,1.4903846153846154,False,1,8079.571428571428,7930.0,False
2023-04-28,0,283,0,8159,0,Imputed,False,False,False,8442,0,0.0,-7693,,False,1,8175.571428571428,7960.928571428572,False
2023-04-29,0,283,0,8159,0,Imputed,False,False,False,8442,0,0.0,-7693,,False,1,8271.57142857143,7991.857142857143,False
2023-04-30,132,243,183,8352,293,Original,False,False,False,8595,-110,1.8123667377398789,-7803,1.6010928961748634,False,1,8379.42857142857,8058.428571428572,False
2023-05-01,224,315,152,8492,237,Original,False,False,False,8807,-85,2.4665503199534644,-7888,1.5592105263157894,True,2,8476.714285714286,8141.714285714285,False
2023-05-02,167,326,213,8654,245,Original,False,False,False,8980,-32,1.964346542522999,-7920,1.1502347417840375,True,2,8581.42857142857,8236.857142857143,False
2023-05-03,209,353,232,8704,267,Original,False,False,False,9057,-35,0.8574610244988845,-7955,1.1508620689655173,True,2,8680.714285714286,8332.142857142857,False
2023-05-04,153,253,286,8790,332,Original,True,False,True,9043,-46,-0.15457657060836683,-8001,1.1608391608391608,True,2,8766.57142857143,8423.07142857143,False
2023-05-05,0,253,0,8790,0,Imputed,False,False,False,9043,0,0.0,-8001,,True,2,8852.42857142857,8514.0,False
2023-05-06,0,253,0,8790,0,Imputed,False,False,False,9043,0,0.0,-8001,,True,2,8938.285714285714,8604.92857142857,False
2023-05-07,180,337,219,8485,375,Original,False,False,False,8822,-156,-2.4438792436138446,-8157,1.7123287671232876,True,2,8970.714285714286,8675.07142857143,False
2023-05-08,133,287,189,8590,261,Original,False,False,False,8877,-72,0.6234413965087171,-8229,1.380952380952381,True,2,8980.714285714286,8728.714285714286,False
2023-05-09,187,310,247,8606,250,Original,False,False,False,8916,-3,0.4393376140588101,-8232,1.0121457489878543,True,2,8971.57142857143,8776.5,False
2023-05-10,168,285,210,8681,304,Original,False,False,False,8966,-94,0.56078959174517,-8326,1.4476190476190476,True,2,8958.57142857143,8819.642857142857,False
2023-05-11,269,412,204,8672,392,Original,False,False,False,9084,-188,1.3160829801472262,-8514,1.9215686274509804,True,2,8964.42857142857,8865.5,False
2023-05-12,0,412,0,8672,0,Imputed,False,False,False,9084,0,0.0,-8514,,True,2,8970.285714285714,8911.357142857143,False
2023-05-13,0,412,0,8672,0,Imputed,False,False,False,9084,0,0.0,-8514,,True,2,8976.142857142857,8957.214285714286,False
2023-05-14,100,255,236,8445,288,Original,False,False,False,8700,-52,-4.227212681638049,-8566,1.2203389830508475,True,2,8958.714285714286,8964.714285714286,False
2023-05-15,205,294,177,8571,277,Original,False,False,False,8865,-100,1.8965517241379404,-8666,1.5649717514124293,True,2,8957.0,8968.857142857143,False
2023-05-16,161,304,211,8572,272,Original,False,False,False,8876,-61,0.12408347433727762,-8727,1.2890995260663507,True,2,8951.285714285714,8961.42857142857,False
2023-05-17,57,162,193,8569,307,Original,True,False,True,8731,-114,-1.6336187471834185,-8841,1.5906735751295338,True,2,8917.714285714286,8938.142857142857,False
2023-05-18,80,122,152,8474,351,Original,True,False,True,8596,-199,-1.5462146374985664,-9040,2.3092105263157894,False,3,8848.0,8906.214285714286,False
2023-05-19,0,122,0,8474,0,Imputed,False,False,False,8596,0,0.0,-9040,,False,3,8778.285714285714,8874.285714285714,False
2023-05-20,0,122,0,8474,0,Imputed,False,False,False,8596,0,0.0,-9040,,False,3,8708.57142857143,8842.357142857143,False
2023-05-21,107,170,133,7826,343,Original,False,False,False,7996,-210,-6.979990693345739,-9250,2.5789473684210527,False,3,8608.0,8783.357142857143,False
2023-05-22,99,156,139,7848,240,Original,False,False,False,8004,-101,0.10005002501249916,-9351,1.7266187050359711,False,3,8485.0,8721.0,False
2023-05-23,25,66,94,7788,246,Original,True,False,True,7854,-152,-1.874062968515744,-9503,2.617021276595745,False,3,8339.0,8645.142857142857,False
2023-05-24,35,70,53,7709,276,Original,False,False,False,7779,-223,-0.9549274255156615,-9726,5.2075471698113205,False,3,8203.0,8560.357142857143,False
2023-05-25,43,73,64,7546,408,Original,False,False,False,7619,-344,-2.056819642627583,-10070,6.375,False,3,8063.428571428572,8455.714285714286,False
2023-05-26,0,73,0,7546,0,Imputed,False,False,False,7619,0,0.0,-10070,,False,3,7923.857142857143,8351.07142857143,False
2023-05-27,0,73,0,7546,0,Imputed,False,False,False,7619,0,0.0,-10070,,False,3,7784.285714285715,8246.42857142857,False
2023-05-28,0,73,0,7546,0,Imputed,False,False,False,7619,0,0.0,-10070,,False,3,7730.428571428572,8169.214285714285,False
2023-05-29,41,60,71,6996,207,Original,True,False,True,7056,-136,-7.389421183882394,-10206,2.915492957746479,False,3,7595.0,8040.0,False
2023-05-30,65,83,65,7046,168,Original,False,False,False,7129,-103,1.0345804988662222,-10309,2.5846153846153848,False,3,7491.428571428572,7915.214285714285,False
2023-05-31,38,80,82,7053,210,Original,True,False,True,7133,-128,0.05610885117126596,-10437,2.5609756097560976,False,3,7399.142857142857,7801.071428571428,False
2023-06-01,56,82,68,7002,287,Original,False,False,False,7084,-219,-0.6869479882237517,-10656,4.220588235294118,False,3,7322.714285714285,7693.071428571428,False
2023-06-02,0,82,0,7002,0,Imputed,False,False,False,7084,0,0.0,-10656,,False,3,7246.285714285715,7585.071428571428,False
2023-06-03,0,82,0,7002,0,Imputed,False,False,False,7084,0,0.0,-10656,,False,3,7169.857142857143,7477.071428571428,False
2023-06-04,74,103,80,6555,292,Original,False,False,False,6658,-212,-6.013551665725581,-10868,3.65,False,3,7032.571428571428,7381.5,False
2023-06-05,68,107,102,6523,189,Original,False,False,False,6630,-87,-0.4205467107239458,-10955,1.8529411764705883,False,3,6971.714285714285,7283.357142857143,False
2023-06-06,92,124,93,6508,187,Original,False,False,False,6632,-94,0.030165912518853588,-11049,2.010752688172043,False,3,6900.714285714285,7196.071428571428,False
2023-06-07,113,162,107,6483,208,Original,False,False,False,6645,-101,0.19601930036188264,-11150,1.9439252336448598,False,3,6831.0,7115.071428571428,False
2023-06-08,106,196,131,6446,255,Original,False,False,False,6642,-124,-0.04514672686229959,-11274,1.9465648854961832,False,3,6767.857142857143,7045.285714285715,False
2023-06-09,0,196,0,6446,0,Imputed,False,False,False,6642,0,0.0,-11274,,False,3,6704.714285714285,6975.5,False
2023-06-10,0,196,0,6446,0,Imputed,False,False,False,6642,0,0.0,-11274,,False,3,6641.571428571428,6905.714285714285,False
2023-06-11,86,152,168,6007,238,Original,True,False,True,6159,-70,-7.271906052393861,-11344,1.4166666666666667,False,3,6570.285714285715,6801.428571428572,False
2023-06-12,84,118,136,6021,177,Original,True,False,True,6139,-41,-0.32472804026627555,-11385,1.3014705882352942,False,3,6500.142857142857,6735.928571428572,False
2023-06-13,59,64,117,6061,146,Original,True,False,True,6125,-29,-0.22805017103763037,-11414,1.2478632478632479,False,3,6427.714285714285,6664.214285714285,False
2023-06-14,62,97,52,6065,167,Original,False,False,False,6162,-115,0.604081632653064,-11529,3.2115384615384617,False,3,6358.714285714285,6594.857142857143,False
2023-06-15,91,75,97,6038,272,Original,True,False,True,6113,-175,-0.7951963648166194,-11704,2.804123711340206,False,3,6283.142857142857,6525.5,False
2023-06-16,0,75,0,6038,0,Imputed,False,False,False,6113,0,0.0,-11704,,False,3,6207.571428571428,6456.142857142857,False
2023-06-17,0,75,0,6038,0,Imputed,False,False,False,6113,0,0.0,-11704,,False,3,6132.0,6386.785714285715,False
2023-06-18,0,75,0,6038,0,Imputed,False,False,False,6113,0,0.0,-11704,,False,3,6125.428571428572,6347.857142857143,False
2023-06-19,29,51,11,5679,142,Original,False,False,False,5730,-131,-6.265336168820546,-11835,12.909090909090908,False,3,6067.0,6283.571428571428,False
2023-06-20,33,53,34,5904,134,Original,False,False,False,5957,-100,3.961605584642225,-11935,3.9411764705882355,False,3,6043.0,6235.357142857143,False
2023-06-21,93,196,169,5922,149,Original,False,False,False,6118,20,2.7027027027026973,-11915,0.8816568047337278,False,3,6036.714285714285,6197.714285714285,False
2023-06-22,124,234,161,5956,207,Original,False,False,False,6190,-46,1.1768551814318462,-11961,1.2857142857142858,False,3,6047.714285714285,6165.428571428572,False
2023-06-23,0,234,0,5956,0,Imputed,False,False,False,6190,0,0.0,-11961,,False,3,6058.714285714285,6133.142857142857,False
2023-06-24,0,234,0,5956,0,Imputed,False,False,False,6190,0,0.0,-11961,,False,3,6069.714285714285,6100.857142857143,False
2023-06-25,92,203,173,5766,263,Original,False,False,False,5969,-90,-3.5702746365104954,-12051,1.5202312138728324,False,3,6049.142857142857,6087.285714285715,False
2023-06-26,186,259,172,5819,174,Original,False,False,False,6078,-2,1.8261015245434775,-12053,1.0116279069767442,False,3,6098.857142857143,6082.928571428572,False
2023-06-27,154,225,220,5917,155,Original,False,False,False,6142,65,1.0529779532741035,-11988,0.7045454545454546,False,3,6125.285714285715,6084.142857142857,False
2023-06-28,91,199,172,5999,174,Original,False,False,False,6198,-2,0.9117551286226044,-11990,1.0116279069767442,False,3,6136.714285714285,6086.714285714285,False
2023-06-29,81,213,153,6058,213,Original,False,False,False,6271,-60,1.177799290093584,-12050,1.392156862745098,False,3,6148.285714285715,6098.0,False
2023-06-30,0,213,0,6058,0,Imputed,False,False,False,6271,0,0.0,-12050,,False,3,6159.857142857143,6109.285714285715,False
2023-07-01,0,213,0,6058,0,Imputed,False,False,False,6271,0,0.0,-12050,,False,3,6171.428571428572,6120.571428571428,False
2023-07-02,209,285,184,5903,309,Original,False,False,False,6188,-125,-1.3235528623823933,-12175,1.6793478260869565,False,3,6202.714285714285,6125.928571428572,False
2023-07-03,0,285,0,5903,0,Imputed,False,False,False,6188,0,0.0,-12175,,False,3,6218.428571428572,6158.642857142857,False
2023-07-04,184,314,217,6127,124,Original,False,False,False,6441,93,4.088558500323214,-12082,0.5714285714285714,False,3,6261.142857142857,6193.214285714285,False
2023-07-05,107,215,230,6193,167,Original,True,False,True,6408,63,-0.5123428039124356,-12019,0.7260869565217392,False,3,6291.142857142857,6213.928571428572,False
2023-07-06,101,162,178,6239,205,Original,True,False,True,6401,-27,-0.10923845193507864,-12046,1.151685393258427,False,3,6309.714285714285,6229.0,False
2023-07-07,0,162,0,6239,0,Imputed,False,False,False,6401,0,0.0,-12046,,False,3,6328.285714285715,6244.071428571428,False
2023-07-08,0,162,0,6239,0,Imputed,False,False,False,6401,0,0.0,-12046,,False,3,6346.857142857143,6259.142857142857,False
2023-07-09,99,190,176,6214,196,Original,False,False,False,6404,-20,0.04686767692547722,-12066,1.1136363636363635,False,3,6377.714285714285,6290.214285714285,False
2023-07-10,167,239,166,6346,163,Original,False,False,False,6585,3,2.826358525921302,-12063,0.9819277108433735,False,3,6434.428571428572,6326.428571428572,False
2023-07-11,115,216,169,6498,143,Original,False,False,False,6714,26,1.9589977220956678,-12037,0.8461538461538461,False,3,6473.428571428572,6367.285714285715,False
2023-07-12,84,158,193,6521,210,Original,True,False,True,6679,-17,-0.5212987786714307,-12054,1.0880829015544042,False,3,6512.142857142857,6401.642857142857,False
2023-07-13,130,227,192,6604,226,Original,False,False,False,6831,-34,2.2757897888905587,-12088,1.1770833333333333,False,3,6573.571428571428,6441.642857142857,False
2023-07-14,0,227,0,6604,0,Imputed,False,False,False,6831,0,0.0,-12088,,False,3,6635.0,6481.642857142857,False
2023-07-15,0,227,0,6604,0,Imputed,False,False,False,6831,0,0.0,-12088,,False,3,6696.428571428572,6521.642857142857,False
2023-07-16,88,214,160,6468,218,Original,False,False,False,6682,-58,-2.1812326160152273,-12146,1.3625,False,3,6736.142857142857,6556.928571428572,False
2023-07-17,113,208,159,6632,160,Original,False,False,False,6840,-1,2.3645615085303717,-12147,1.0062893081761006,False,3,6772.571428571428,6603.5,False
2023-07-18,174,285,150,6874,181,Original,False,False,False,7159,-31,4.66374269005847,-12178,1.2066666666666668,False,3,6836.142857142857,6654.785714285715,False
2023-07-19,104,230,206,7001,226,Original,False,False,False,7231,-20,1.005727056851513,-12198,1.0970873786407767,False,3,6915.0,6713.571428571428,False
2023-07-20,147,276,214,7116,281,Original,False,False,False,7392,-67,2.2265246853823806,-12265,1.3130841121495327,False,3,6995.142857142857,6784.357142857143,False
2023-07-21,0,276,0,7116,0,Imputed,False,False,False,7392,0,0.0,-12265,,False,3,7075.285714285715,6855.142857142857,False
2023-07-22,0,276,0,7116,0,Imputed,False,False,False,7392,0,0.0,-12265,,False,3,7155.428571428572,6925.928571428572,False
2023-07-23,108,220,213,7052,276,Original,False,False,False,7272,-63,-1.6233766233766267,-12328,1.295774647887324,False,3,7239.714285714285,6987.928571428572,False
2023-07-24,180,280,146,7220,187,Original,False,False,False,7500,-41,3.1353135313531455,-12369,1.2808219178082192,False,3,7334.0,7053.285714285715,False
2023-07-25,134,294,186,7510,136,Original,False,False,False,7804,50,4.053333333333331,-12319,0.7311827956989247,False,3,7426.142857142857,7131.142857142857,False
2023-07-26,202,313,158,7647,215,Original,False,False,False,7960,-57,1.9989748846745314,-12376,1.360759493670886,False,3,7530.285714285715,7222.642857142857,False
2023-07-27,110,272,193,7754,259,Original,False,False,False,8026,-66,0.8291457286432102,-12442,1.3419689119170986,False,3,7620.857142857143,7308.0,False
2023-07-28,0,272,0,7754,0,Imputed,False,False,False,8026,0,0.0,-12442,,False,3,7711.428571428572,7393.357142857143,False
2023-07-29,0,272,0,7754,0,Imputed,False,False,False,8026,0,0.0,-12442,,False,3,7802.0,7478.714285714285,False
2023-07-30,166,277,229,7671,305,Original,False,False,False,7948,-76,-0.9718415150759996,-12518,1.331877729257642,False,3,7898.571428571428,7569.142857142857,False
2023-07-31,136,276,178,7800,220,Original,False,False,False,8076,-42,1.610468042274782,-12560,1.2359550561797752,False,3,7980.857142857143,7657.428571428572,False
2023-08-01,87,246,173,8103,168,Original,False,False,False,8349,5,3.3803863298662806,-12555,0.9710982658959537,False,3,8058.714285714285,7742.428571428572,False
2023-08-02,84,171,157,8261,271,Original,False,False,False,8432,-114,0.9941310336567311,-12669,1.7261146496815287,False,3,8126.142857142857,7828.214285714285,False
2023-08-03,167,209,157,8294,339,Original,False,False,False,8503,-182,0.8420303605312984,-12851,2.159235668789809,False,3,8194.285714285714,7907.571428571428,False
2023-08-04,0,209,0,8294,0,Imputed,False,False,False,8503,0,0.0,-12851,,False,3,8262.42857142857,7986.928571428572,False
2023-08-05,0,209,0,8294,0,Imputed,False,False,False,8503,0,0.0,-12851,,False,3,8330.57142857143,8066.285714285715,False
2023-08-06,109,245,159,8298,322,Original,False,False,False,8543,-163,0.4704222039280337,-13014,2.0251572327044025,False,3,8415.57142857143,8157.071428571428,False
2023-08-07,156,256,176,8493,202,Original,False,False,False,8749,-26,2.4113309141987616,-13040,1.1477272727272727,True,4,8511.714285714286,8246.285714285714,False
2023-08-08,125,232,192,8725,207,Original,False,False,False,8957,-15,2.3774145616641817,-13055,1.078125,True,4,8598.57142857143,8328.642857142857,False
2023-08-09,118,139,168,8888,251,Original,True,False,True,9027,-83,0.7815116668527411,-13138,1.494047619047619,True,4,8683.57142857143,8404.857142857143,False
2023-08-10,142,235,139,8914,353,Original,False,False,False,9149,-214,1.3515010523983628,-13352,2.539568345323741,True,4,8775.857142857143,8485.07142857143,False
2023-08-11,0,235,0,8914,0,Imputed,False,False,False,9149,0,0.0,-13352,,True,4,8868.142857142857,8565.285714285714,False
2023-08-12,0,235,0,8914,0,Imputed,False,False,False,9149,0,0.0,-13352,,True,4,8960.42857142857,8645.5,False
2023-08-13,0,235,0,8914,0,Imputed,False,False,False,9149,0,0.0,-13352,,True,4,9047.0,8731.285714285714,False
2023-08-14,0,235,0,8914,0,Imputed,False,False,False,9149,0,0.0,-13352,,True,4,9104.142857142857,8807.92857142857,False
2023-08-15,0,235,0,8914,0,Imputed,False,False,False,9149,0,0.0,-13352,,True,4,9131.57142857143,8865.07142857143,False
2023-08-16,148,245,175,9634,288,Original,False,False,False,9879,-113,7.979014099901627,-13465,1.6457142857142857,True,4,9253.285714285714,8968.42857142857,False
2023-08-17,119,219,210,9694,407,Original,False,False,False,9913,-197,0.34416438910820357,-13662,1.938095238095238,True,4,9362.42857142857,9069.142857142857,False
2023-08-18,0,219,0,9694,0,Imputed,False,False,False,9913,0,0.0,-13662,,True,4,9471.57142857143,9169.857142857143,False
2023-08-19,0,219,0,9694,0,Imputed,False,False,False,9913,0,0.0,-13662,,True,4,9580.714285714286,9270.57142857143,False
2023-08-20,105,210,149,9483,390,Original,False,False,False,9693,-241,-2.219307979420959,-13903,2.61744966442953,True,4,9658.42857142857,9352.714285714286,False
2023-08-21,143,203,163,9668,281,Original,False,False,False,9871,-118,1.8363767667388897,-14021,1.7239263803680982,True,4,9761.57142857143,9432.857142857143,False
2023-08-22,119,209,152,9921,230,Original,False,False,False,10130,-78,2.623847634484844,-14099,1.513157894736842,True,4,9901.714285714286,9516.642857142857,False
2023-08-23,155,212,181,10071,285,Original,False,False,False,10283,-104,1.5103652517275412,-14203,1.574585635359116,True,4,9959.42857142857,9606.357142857143,False
2023-08-24,109,214,173,10026,443,Original,False,False,False,10240,-270,-0.41816590489156535,-14473,2.560693641618497,True,4,10006.142857142857,9684.285714285714,False
2023-08-25,0,214,0,10026,0,Imputed,False,False,False,10240,0,0.0,-14473,,True,4,10052.857142857143,9762.214285714286,True
2023-08-26,0,214,0,10026,0,Imputed,False,False,False,10240,0,0.0,-14473,,True,4,10099.57142857143,9840.142857142857,True
2023-08-27,191,283,192,9873,488,Original,False,False,False,10156,-296,-0.8203124999999978,-14769,2.5416666666666665,True,4,10165.714285714286,9912.07142857143,True
2023-08-28,170,297,196,10012,388,Original,False,False,False,10309,-192,1.5064986215045373,-14961,1.9795918367346939,True,4,10228.285714285714,9994.92857142857,True
2023-08-29,152,272,214,10180,286,Original,False,False,False,10452,-72,1.387137452711218,-15033,1.3364485981308412,True,4,10274.285714285714,10088.0,True
2023-08-30,239,367,224,10280,366,Original,False,False,False,10647,-142,1.8656716417910557,-15175,1.6339285714285714,True,4,10326.285714285714,10142.857142857143,True
2023-08-31,113,280,237,10140,505,Original,False,False,False,10420,-268,-2.1320559782098236,-15443,2.130801687763713,True,4,10352.0,10179.07142857143,True
2023-09-01,0,280,0,10140,0,Imputed,False,False,False,10420,0,0.0,-15443,,True,4,10377.714285714286,10215.285714285714,True
2023-09-02,0,280,0,10140,0,Imputed,False,False,False,10420,0,0.0,-15443,,True,4,10403.42857142857,10251.5,True
2023-09-03,0,280,0,10140,0,Imputed,False,False,False,10420,0,0.0,-15443,,True,4,10441.142857142857,10303.42857142857,True
2023-09-04,196,306,187,9988,293,Original,False,False,False,10294,-106,-1.2092130518234212,-15549,1.5668449197860963,True,4,10439.0,10333.642857142857,True
2023-09-05,236,330,222,10142,243,Original,False,False,False,10472,-21,1.7291626190013565,-15570,1.0945945945945945,True,4,10441.857142857143,10358.07142857143,True
2023-09-06,81,230,242,10356,291,Original,True,False,True,10586,-49,1.0886172650878434,-15619,1.2024793388429753,True,4,10433.142857142857,10379.714285714286,True
2023-09-07,118,245,160,10419,398,Original,False,False,False,10664,-238,0.7368222180238027,-15857,2.4875,True,4,10468.0,10410.0,True
2023-09-08,0,245,0,10419,0,Imputed,False,False,False,10664,0,0.0,-15857,,True,4,10502.857142857143,10440.285714285714,True
2023-09-09,0,245,0,10419,0,Imputed,False,False,False,10664,0,0.0,-15857,,True,4,10537.714285714286,10470.57142857143,True
2023-09-10,218,283,208,10282,382,Original,False,False,False,10565,-174,-0.9283570892723136,-16031,1.8365384615384615,True,4,10558.42857142857,10499.785714285714,True
2023-09-11,132,243,183,10492,277,Original,False,False,False,10735,-94,1.6090866067203002,-16125,1.5136612021857923,True,4,10621.42857142857,10530.214285714286,True
2023-09-12,224,315,152,10649,316,Original,False,False,False,10964,-164,2.133209129017244,-16289,2.0789473684210527,True,4,10691.714285714286,10566.785714285714,True
2023-09-13,167,326,213,10678,343,Original,False,False,False,11004,-130,0.36483035388543694,-16419,1.6103286384976525,True,4,10751.42857142857,10592.285714285714,True
2023-09-14,209,353,232,10837,414,Original,False,False,False,11190,-182,1.6902944383860419,-16601,1.7844827586206897,True,4,10826.57142857143,10647.285714285714,True
2023-09-15,0,353,0,10837,0,Imputed,False,False,False,11190,0,0.0,-16601,,True,4,10901.714285714286,10702.285714285714,True
2023-09-16,0,353,0,10837,0,Imputed,False,False,False,11190,0,0.0,-16601,,True,4,10976.857142857143,10757.285714285714,True
2023-09-17,153,253,286,10799,427,Original,True,False,True,11052,-141,-1.2332439678284235,-16742,1.493006993006993,True,4,11046.42857142857,10802.42857142857,True
2023-09-18,180,337,219,10892,313,Original,False,False,False,11229,-94,1.601520086862096,-16836,1.4292237442922375,True,4,11117.0,10869.214285714286,True
2023-09-19,133,287,189,11095,260,Original,False,False,False,11382,-71,1.362543414373496,-16907,1.3756613756613756,True,4,11176.714285714286,10934.214285714286,True
2023-09-20,187,310,247,11064,364,Original,False,False,False,11374,-117,-0.07028641714988959,-17024,1.4736842105263157,True,4,11229.57142857143,10990.5,True
2023-09-21,168,285,210,11067,428,Original,False,False,False,11352,-218,-0.19342359767892114,-17242,2.038095238095238,True,4,11252.714285714286,11039.642857142857,True
2023-09-22,0,285,0,11067,0,Imputed,False,False,False,11352,0,0.0,-17242,,True,4,11275.857142857143,11088.785714285714,True
2023-09-23,0,285,0,11067,0,Imputed,False,False,False,11352,0,0.0,-17242,,True,4,11299.0,11137.92857142857,True
2023-09-24,269,412,204,10744,403,Original,False,False,False,11156,-199,-1.7265680056377741,-17441,1.9754901960784315,True,4,11313.857142857143,11180.142857142857,True
2023-09-25,100,255,236,10842,284,Original,False,False,False,11097,-48,-0.5288633918967389,-17489,1.2033898305084745,True,4,11295.0,11206.0,True
2023-09-26,205,294,177,10978,332,Original,False,False,False,11272,-155,1.5770027935477993,-17644,1.8757062146892656,True,4,11279.285714285714,11228.0,True
2023-09-27,161,304,211,11017,331,Original,False,False,False,11321,-120,0.434705464868701,-17764,1.5687203791469195,True,4,11271.714285714286,11250.642857142857,True
2023-09-28,57,162,193,10984,447,Original,True,False,True,11146,-254,-1.545799841003448,-18018,2.316062176165803,True,4,11242.285714285714,11247.5,True
2023-09-29,0,162,0,10984,0,Imputed,False,False,False,11146,0,0.0,-18018,,True,4,11212.857142857143,11244.357142857143,True
2023-09-30,0,162,0,10984,0,Imputed,False,False,False,11146,0,0.0,-18018,,True,4,11183.42857142857,11241.214285714286,True
2023-10-01,80,122,152,10598,493,Original,True,False,True,10720,-341,-3.8219989233805873,-18359,3.2434210526315788,True,4,11121.142857142857,11217.5,True
2023-10-02,107,170,133,10724,284,Original,False,False,False,10894,-151,1.6231343283582111,-18510,2.1353383458646618,True,4,11092.142857142857,11193.57142857143,True
2023-10-03,99,156,139,10818,287,Original,False,False,False,10974,-148,0.7343491830365423,-18658,2.064748201438849,True,4,11049.57142857143,11164.42857142857,True
2023-10-04,25,66,94,10963,330,Original,True,False,True,11029,-236,0.5011846181884438,-18894,3.5106382978723403,True,4,11007.857142857143,11139.785714285714,True
2023-10-05,35,70,53,11130,427,Original,False,False,False,11200,-374,1.5504578837610028,-19268,8.056603773584905,True,4,11015.57142857143,11128.92857142857,True
2023-10-06,0,70,0,11130,0,Imputed,False,False,False,11200,0,0.0,-19268,,True,4,11023.285714285714,11118.07142857143,True
2023-10-07,0,70,0,11130,0,Imputed,False,False,False,11200,0,0.0,-19268,,True,4,11031.0,11107.214285714286,True
2023-10-08,0,70,0,11130,0,Imputed,False,False,False,11200,0,0.0,-19268,,True,4,11099.57142857143,11110.357142857143,True
2023-10-09,43,73,64,10815,282,Original,False,False,False,10888,-218,-2.7857142857142803,-19486,4.40625,True,4,11098.714285714286,11095.42857142857,True
2023-10-10,41,60,71,10910,257,Original,True,False,True,10970,-186,0.7531227038942045,-19672,3.619718309859155,True,4,11098.142857142857,11073.857142857143,True
2023-10-11,65,83,65,10960,266,Original,False,False,False,11043,-201,0.6654512306289773,-19873,4.092307692307692,True,4,11100.142857142857,11054.0,True
2023-10-12,38,80,82,10992,398,Original,True,False,True,11072,-316,0.2626097980621189,-20189,4.853658536585366,True,4,11081.857142857143,11048.714285714286,True
2023-10-13,0,80,0,10992,0,Imputed,False,False,False,11072,0,0.0,-20189,,True,4,11063.57142857143,11043.42857142857,True
2023-10-14,0,80,0,10992,0,Imputed,False,False,False,11072,0,0.0,-20189,,True,4,11045.285714285714,11038.142857142857,True
2023-10-15,56,82,68,10571,434,Original,False,False,False,10653,-366,-3.7843208092485536,-20555,6.382352941176471,True,4,10967.142857142857,11033.357142857143,True
2023-10-16,74,103,80,10629,331,Original,False,False,False,10732,-251,0.7415751431521622,-20806,4.1375,True,4,10944.857142857143,11021.785714285714,True
2023-10-17,68,107,102,10630,315,Original,False,False,False,10737,-213,0.04658963846440045,-21019,3.088235294117647,True,4,10911.57142857143,11004.857142857143,True
2023-10-18,92,124,93,10511,393,Original,False,False,False,10635,-300,-0.9499860296172113,-21319,4.225806451612903,True,4,10853.285714285714,10976.714285714286,True
2023-10-19,113,162,107,10319,406,Original,False,False,False,10481,-299,-1.4480488951574944,-21618,3.794392523364486,True,4,10768.857142857143,10925.357142857143,True
2023-10-20,0,162,0,10319,0,Imputed,False,False,False,10481,0,0.0,-21618,,True,4,10684.42857142857,10874.0,True
2023-10-21,0,162,0,10319,0,Imputed,False,False,False,10481,0,0.0,-21618,,True,4,10600.0,10822.642857142857,True
2023-10-22,106,196,131,9506,454,Original,False,False,False,9702,-323,-7.432496899150842,-21941,3.4656488549618323,True,4,10464.142857142857,10715.642857142857,True
2023-10-23,86,152,168,9436,327,Original,True,False,True,9588,-159,-1.1750154607297447,-22100,1.9464285714285714,True,4,10300.714285714286,10622.785714285714,True
2023-10-24,84,118,136,9396,300,Original,True,False,True,9514,-164,-0.7717980809345049,-22264,2.2058823529411766,True,4,10126.0,10518.785714285714,True
2023-10-25,59,64,117,9351,293,Original,True,False,True,9415,-176,-1.0405717889426125,-22440,2.5042735042735043,True,4,9951.714285714286,10402.5,False
2023-10-26,62,97,52,9235,390,Original,False,False,False,9332,-338,-0.8815719596388716,-22778,7.5,True,4,9787.57142857143,10278.214285714286,False
2023-10-27,0,97,0,9235,0,Imputed,False,False,False,9332,0,0.0,-22778,,True,4,9623.42857142857,10153.92857142857,False
2023-10-28,0,97,0,9235,0,Imputed,False,False,False,9332,0,0.0,-22778,,True,4,9459.285714285714,10029.642857142857,False
2023-10-29,91,75,97,8925,418,Original,True,False,True,9000,-321,-3.557651093013292,-23099,4.309278350515464,True,4,9359.0,9911.57142857143,False
2023-10-30,29,51,11,9026,278,Original,False,False,False,9077,-267,0.855555555555565,-23366,25.272727272727273,True,4,9286.0,9793.357142857143,False
2023-10-31,33,53,34,9072,295,Original,False,False,False,9125,-261,0.5288090778891696,-23627,8.676470588235293,True,4,9230.42857142857,9678.214285714286,False
2023-11-01,132,235,197,9250,279,Original,False,False,False,9485,-82,3.945205479452052,-23709,1.416243654822335,True,4,9240.42857142857,9596.07142857143,False
2023-11-02,174,208,256,9442,330,Original,True,False,True,9650,-74,1.7395888244596813,-23783,1.2890625,True,4,9285.857142857143,9536.714285714286,False
2023-11-03,0,208,0,9442,0,Imputed,False,False,False,9650,0,0.0,-23783,,True,4,9331.285714285714,9477.357142857143,False
2023-11-04,0,208,0,9442,0,Imputed,False,False,False,9650,0,0.0,-23783,,True,4,9376.714285714286,9418.0,False
2023-11-05,123,230,167,9273,370,Original,False,False,False,9503,-203,-1.523316062176161,-23986,2.215568862275449,True,4,9448.57142857143,9403.785714285714,False
2023-11-06,123,233,159,9286,316,Original,False,False,False,9519,-157,0.1683678838261704,-24143,1.9874213836477987,True,4,9511.714285714286,9398.857142857143,False
2023-11-07,141,232,188,9483,231,Original,False,False,False,9715,-43,2.0590398151066225,-24186,1.2287234042553192,True,4,9596.0,9413.214285714286,False
2023-11-08,158,226,191,9634,310,Original,False,False,False,9860,-119,1.4925373134328401,-24305,1.6230366492146597,True,4,9649.57142857143,9445.0,False
2023-11-09,0,226,0,9634,0,Imputed,False,False,False,9860,0,0.0,-24305,,True,4,9679.57142857143,9482.714285714286,False
2023-11-10,0,226,0,9634,0,Imputed,False,False,False,9860,0,0.0,-24305,,True,4,9709.57142857143,9520.42857142857,False
2023-11-11,0,226,0,9634,0,Imputed,False,False,False,9860,0,0.0,-24305,,True,4,9739.57142857143,9558.142857142857,False
2023-11-12,96,160,233,9477,313,Original,True,False,True,9637,-80,-2.2616632860040564,-24385,1.3433476394849786,True,4,9758.714285714286,9603.642857142857,False
2023-11-13,141,173,129,9510,287,Original,False,False,False,9683,-158,0.4773269689737569,-24543,2.2248062015503876,True,4,9782.142857142857,9646.92857142857,False
2023-11-14,116,181,182,9665,247,Original,True,False,True,9846,-65,1.6833625942373143,-24608,1.3571428571428572,True,4,9800.857142857143,9698.42857142857,False
2023-11-15,150,157,201,9762,316,Original,True,False,True,9919,-115,0.7414178346536682,-24723,1.572139303482587,True,4,9809.285714285714,9729.42857142857,False
2023-11-16,80,176,125,9762,374,Original,False,False,False,9938,-249,0.191551567698367,-24972,2.992,True,4,9820.42857142857,9750.0,False
2023-11-17,0,176,0,9762,0,Imputed,False,False,False,9938,0,0.0,-24972,,True,4,9831.57142857143,9770.57142857143,False
2023-11-18,0,176,0,9762,0,Imputed,False,False,False,9938,0,0.0,-24972,,True,4,9842.714285714286,9791.142857142857,False
2023-11-19,116,188,164,9573,435,Original,False,False,False,9761,-271,-1.7810424632722865,-25243,2.652439024390244,True,4,9860.42857142857,9809.57142857143,False
2023-11-20,105,185,158,9638,298,Original,False,False,False,9823,-140,0.635180821637138,-25383,1.8860759493670887,True,4,9880.42857142857,9831.285714285714,False
2023-11-21,136,246,123,9804,250,Original,False,False,False,10050,-127,2.310902982795482,-25510,2.032520325203252,True,4,9909.57142857143,9855.214285714286,False
2023-11-22,0,246,0,9804,0,Imputed,False,False,False,10050,0,0.0,-25510,,True,4,9928.285714285714,9868.785714285714,False
2023-11-23,128,228,177,9838,283,Original,False,False,False,10066,-106,0.1592039800994982,-25616,1.5988700564971752,True,4,9946.57142857143,9883.5,False
2023-11-24,0,228,0,9838,0,Imputed,False,False,False,10066,0,0.0,-25616,,True,4,9964.857142857143,9898.214285714286,False
2023-11-25,0,228,0,9838,0,Imputed,False,False,False,10066,0,0.0,-25616,,True,4,9983.142857142857,9912.92857142857,False
2023-11-26,90,196,205,9845,312,Original,True,False,True,10041,-107,-0.24836081859725967,-25723,1.5219512195121951,True,4,10023.142857142857,9941.785714285714,True
2023-11-27,56,82,68,10123,214,Original,False,False,False,10205,-146,1.6333034558311033,-25869,3.1470588235294117,True,4,10077.714285714286,9979.07142857143,True
2023-11-28,74,103,80,10223,223,Original,False,False,False,10326,-143,1.185693287604117,-26012,2.7875,True,4,10117.142857142857,10013.357142857143,True
2023-11-29,68,107,102,10398,284,Original,False,False,False,10505,-182,1.73348828200659,-26194,2.784313725490196,True,4,10182.142857142857,10055.214285714286,True
2023-11-30,92,124,93,10536,320,Original,False,False,False,10660,-227,1.47548786292242,-26421,3.4408602150537635,True,4,10267.0,10106.785714285714,True
2023-12-01,0,124,0,10536,0,Imputed,False,False,False,10660,0,0.0,-26421,,True,4,10351.857142857143,10158.357142857143,True
2023-12-02,0,124,0,10536,0,Imputed,False,False,False,10660,0,0.0,-26421,,True,4,10436.714285714286,10209.92857142857,True
2023-12-03,132,235,197,10579,417,Original,False,False,False,10814,-220,1.4446529080675452,-26641,2.116751269035533,True,4,10547.142857142857,10285.142857142857,True
2023-12-04,174,208,256,10635,273,Original,True,False,True,10843,-17,0.2681708895875712,-26658,1.06640625,True,4,10638.285714285714,10358.0,True
2023-12-05,123,230,167,10761,261,Original,False,False,False,10991,-94,1.364935903347786,-26752,1.562874251497006,True,4,10733.285714285714,10425.214285714286,True
2023-12-06,123,233,159,10832,376,Original,False,False,False,11065,-217,0.6732781366572738,-26969,2.3647798742138364,True,4,10813.285714285714,10497.714285714286,True
2023-12-07,141,232,188,10897,466,Original,False,False,False,11129,-278,0.5784003615002309,-27247,2.478723404255319,True,4,10880.285714285714,10573.642857142857,True
2023-12-08,0,232,0,10897,0,Imputed,False,False,False,11129,0,0.0,-27247,,True,4,10947.285714285714,10649.57142857143,True
2023-12-09,0,232,0,10897,0,Imputed,False,False,False,11129,0,0.0,-27247,,True,4,11014.285714285714,10725.5,True
2023-12-10,158,226,191,10871,411,Original,False,False,False,11097,-220,-0.2875370653248277,-27467,2.1518324607329844,True,4,11054.714285714286,10800.92857142857,True
2023-12-11,96,160,233,10998,304,Original,True,False,True,11158,-71,0.5496981166080994,-27538,1.3047210300429184,True,4,11099.714285714286,10869.0,True
2023-12-12,141,173,129,11077,259,Original,False,False,False,11250,-130,0.8245205233912811,-27668,2.007751937984496,True,4,11136.714285714286,10935.0,True
2023-12-13,116,181,182,11192,335,Original,True,False,True,11373,-153,1.093333333333324,-27821,1.8406593406593406,True,4,11180.714285714286,10997.0,True
2023-12-14,150,157,201,11242,396,Original,True,False,True,11399,-195,0.2286116240218128,-28016,1.9701492537313432,True,4,11219.285714285714,11049.785714285714,True
2023-12-15,0,157,0,11242,0,Imputed,False,False,False,11399,0,0.0,-28016,,True,4,11257.857142857143,11102.57142857143,True
2023-12-16,0,157,0,11242,0,Imputed,False,False,False,11399,0,0.0,-28016,,True,4,11296.42857142857,11155.357142857143,True
2023-12-17,80,176,125,11092,456,Original,False,False,False,11268,-331,-1.149223616106676,-28347,3.648,True,4,11320.857142857143,11187.785714285714,True
2023-12-18,116,188,164,11149,364,Original,False,False,False,11337,-200,0.6123535676251235,-28547,2.2195121951219514,True,4,11346.42857142857,11223.07142857143,True
2023-12-19,105,185,158,11291,272,Original,False,False,False,11476,-114,1.2260739172620605,-28661,1.7215189873417722,True,4,11378.714285714286,11257.714285714286,True
2023-12-20,136,246,123,11516,390,Original,False,False,False,11762,-267,2.492157546183349,-28928,3.1707317073170733,True,4,11434.285714285714,11307.5,True
2023-12-21,128,228,177,11375,497,Original,False,False,False,11603,-320,-1.3518109165107983,-29248,2.8079096045197742,True,4,11463.42857142857,11341.357142857143,True
2023-12-22,0,228,0,11375,0,Imputed,False,False,False,11603,0,0.0,-29248,,True,4,11492.57142857143,11375.214285714286,True
2023-12-23,0,228,0,11375,0,Imputed,False,False,False,11603,0,0.0,-29248,,True,4,11521.714285714286,11409.07142857143,True
2023-12-24,0,228,0,11375,0,Imputed,False,False,False,11603,0,0.0,-29248,,True,4,11569.57142857143,11445.214285714286,True
2023-12-25,90,196,205,11144,347,Original,True,False,True,11340,-142,-2.266655175385679,-29390,1.6926829268292682,True,4,11570.0,11458.214285714286,True
2023-12-26,56,82,68,11217,288,Original,False,False,False,11299,-220,-0.36155202821869237,-29610,4.235294117647059,True,4,11544.714285714286,11461.714285714286,True
2023-12-27,74,103,80,11206,335,Original,False,False,False,11309,-255,0.08850340738117968,-29865,4.1875,True,4,11480.0,11457.142857142857,True
2023-12-28,68,107,102,11230,357,Original,False,False,False,11337,-255,0.2475904147139385,-30120,3.5,True,4,11442.0,11452.714285714286,True
2023-12-29,0,107,0,11230,0,Imputed,False,False,False,11337,0,0.0,-30120,,True,4,11404.0,11448.285714285714,True
2023-12-30,0,107,0,11230,0,Imputed,False,False,False,11337,0,0.0,-30120,,True,4,11366.0,11443.857142857143,True
2023-12-31,0,107,0,11230,0,Imputed,False,False,False,11337,0,0.0,-30120,,True,4,11328.0,11448.785714285714,True
2024-01-01,92,124,93,10870,290,Original,False,False,False,10994,-197,-3.0254917526682523,-30317,3.118279569892473,True,4,11278.57142857143,11424.285714285714,True
2024-01-02,113,162,107,10770,316,Original,False,False,False,10932,-209,-0.5639439694378745,-30526,2.953271028037383,True,4,11226.142857142857,11385.42857142857,True
2024-01-03,106,196,131,10718,263,Original,False,False,False,10914,-132,-0.16465422612513825,-30658,2.0076335877862594,True,4,11169.714285714286,11324.857142857143,True
2024-01-04,86,152,168,10558,362,Original,True,False,True,10710,-194,-1.869158878504673,-30852,2.1547619047619047,True,4,11080.142857142857,11261.07142857143,True
2024-01-05,0,152,0,10558,0,Imputed,False,False,False,10710,0,0.0,-30852,,True,4,10990.57142857143,11197.285714285714,True
2024-01-06,0,152,0,10558,0,Imputed,False,False,False,10710,0,0.0,-30852,,True,4,10901.0,11133.5,True
2024-01-07,84,118,136,9670,367,Original,True,False,True,9788,-231,-8.608776844070965,-31083,2.698529411764706,True,4,10679.714285714286,11003.857142857143,True
2024-01-08,59,64,117,9670,367,Original,True,False,True,9734,-250,-0.5516959542296695,-31333,3.1367521367521367,True,4,10499.714285714286,10889.142857142857,True
2024-01-09,62,97,52,9311,286,Original,False,False,False,9408,-234,-3.3490856790630796,-31567,5.5,True,4,10282.0,10754.07142857143,True
2024-01-10,91,75,97,9144,349,Original,True,False,True,9219,-252,-2.00892857142857,-31819,3.597938144329897,True,4,10039.857142857143,10604.785714285714,True
2024-01-11,29,51,11,8829,476,Original,False,False,False,8880,-465,-3.6771884152294154,-32284,43.27272727272727,True,4,9778.42857142857,10429.285714285714,False
2024-01-12,0,51,0,8829,0,Imputed,False,False,False,8880,0,0.0,-32284,,True,4,9517.0,10253.785714285714,False
2024-01-13,0,51,0,8829,0,Imputed,False,False,False,8880,0,0.0,-32284,,True,4,9255.57142857143,10078.285714285714,False
2024-01-14,0,51,0,8829,0,Imputed,False,False,False,8880,0,0.0,-32284,,True,4,9125.857142857143,9902.785714285714,False
2024-01-15,33,53,34,8033,234,Original,False,False,False,8086,-200,-8.941441441441444,-32484,6.882352941176471,False,5,8890.42857142857,9695.07142857143,False
2024-01-16,32,49,39,8133,188,Original,False,False,False,8182,-149,1.187237200098945,-32633,4.82051282051282,False,5,8715.285714285714,9498.642857142857,False
2024-01-17,80,176,125,8072,353,Original,False,False,False,8248,-228,0.8066487411390932,-32861,2.824,False,5,8576.57142857143,9308.214285714286,False
2024-01-18,116,188,164,8042,359,Original,False,False,False,8230,-195,-0.21823472356935492,-33056,2.1890243902439024,False,5,8483.714285714286,9131.07142857143,False
2024-01-19,0,188,0,8042,0,Imputed,False,False,False,8230,0,0.0,-33056,,False,5,8390.857142857143,8953.92857142857,False
2024-01-20,0,188,0,8042,0,Imputed,False,False,False,8230,0,0.0,-33056,,False,5,8298.0,8776.785714285714,False
2024-01-21,105,185,158,7974,371,Original,False,False,False,8159,-213,-0.8626974483596617,-33269,2.348101265822785,False,5,8195.0,8660.42857142857,False
2024-01-22,136,246,123,8008,222,Original,False,False,False,8254,-99,1.164358377252106,-33368,1.8048780487804879,False,5,8219.0,8554.714285714286,False
2024-01-23,128,228,177,8133,202,Original,False,False,False,8361,-25,1.296341167918591,-33393,1.1412429378531073,False,5,8244.57142857143,8479.92857142857,False
2024-01-24,90,196,205,8212,243,Original,True,False,True,8408,-38,0.5621337160626627,-33431,1.1853658536585365,False,5,8267.42857142857,8422.0,False
2024-01-25,102,189,155,8180,293,Original,False,False,False,8369,-138,-0.4638439581351128,-33569,1.8903225806451613,False,5,8287.285714285714,8385.5,False
2024-01-26,0,189,0,8180,0,Imputed,False,False,False,8369,0,0.0,-33569,,False,5,8307.142857142857,8349.0,False
2024-01-27,0,189,0,8180,0,Imputed,False,False,False,8369,0,0.0,-33569,,False,5,8327.0,8312.5,False
2024-01-28,120,257,126,8004,307,Original,False,False,False,8261,-181,-1.2904767594694722,-33750,2.4365079365079363,False,5,8341.57142857143,8268.285714285714,False
2024-01-29,137,272,166,8057,195,Original,False,False,False,8329,-29,0.8231448977121358,-33779,1.1746987951807228,False,5,8352.285714285714,8285.642857142857,False
2024-01-30,93,198,208,8182,187,Original,True,False,True,8380,21,0.6123184055708997,-33758,0.8990384615384616,False,5,8355.0,8299.785714285714,False
2024-01-31,203,477,258,8153,266,Original,False,False,False,8630,-8,2.9832935560859086,-33766,1.0310077519379846,False,5,8386.714285714286,8327.07142857143,False
2024-02-01,222,459,289,8026,337,Original,False,False,False,8485,-48,-1.6801853997682525,-33814,1.166089965397924,False,5,8403.285714285714,8345.285714285714,False
2024-02-02,0,459,0,8026,0,Imputed,False,False,False,8485,0,0.0,-33814,,False,5,8419.857142857143,8363.5,False
2024-02-03,0,459,0,8026,0,Imputed,False,False,False,8485,0,0.0,-33814,,False,5,8436.42857142857,8381.714285714286,False
2024-02-04,253,531,248,7813,342,Original,False,False,False,8344,-94,-1.6617560400707165,-33908,1.3790322580645162,False,5,8448.285714285714,8394.92857142857,False
2024-02-05,157,466,345,7872,242,Original,False,False,False,8338,103,-0.07190795781399917,-33805,0.7014492753623188,False,5,8449.57142857143,8400.92857142857,False
2024-02-06,291,455,323,8045,178,Original,False,False,False,8500,145,1.9429119692971897,-33660,0.5510835913312694,False,5,8466.714285714286,8410.857142857143,False
2024-02-07,227,453,330,8160,222,Original,False,False,False,8613,108,1.32941176470589,-33552,0.6727272727272727,False,5,8464.285714285714,8425.5,False
2024-02-08,298,499,358,8188,315,Original,False,False,False,8687,43,0.8591663764077495,-33509,0.8798882681564246,True,6,8493.142857142857,8448.214285714286,False
2024-02-09,0,499,0,8188,0,Imputed,False,False,False,8687,0,0.0,-33509,,True,6,8522.0,8470.92857142857,False
2024-02-10,0,499,0,8188,0,Imputed,False,False,False,8687,0,0.0,-33509,,True,6,8550.857142857143,8493.642857142857,False
2024-02-11,205,515,226,8056,347,Original,False,False,False,8571,-121,-1.3353286520087493,-33630,1.5353982300884956,False,7,8583.285714285714,8515.785714285714,False
2024-02-12,213,430,440,8092,234,Original,True,False,True,8522,206,-0.5716952514292384,-33424,0.5318181818181819,False,7,8609.57142857143,8529.57142857143,False
2024-02-13,227,369,349,8348,160,Original,False,False,False,8717,189,2.2881952593287957,-33235,0.4584527220630373,True,8,8640.57142857143,8553.642857142857,False
2024-02-14,185,322,272,8512,230,Original,False,False,False,8834,42,1.3422048870024073,-33193,0.8455882352941176,True,8,8672.142857142857,8568.214285714286,False
2024-02-15,333,508,272,8463,312,Original,False,False,False,8971,-40,1.5508263527280963,-33233,1.1470588235294117,True,8,8712.714285714286,8602.92857142857,False
2024-02-16,0,508,0,8463,0,Imputed,False,False,False,8971,0,0.0,-33233,,True,8,8753.285714285714,8637.642857142857,False
2024-02-17,0,508,0,8463,0,Imputed,False,False,False,8971,0,0.0,-33233,,True,8,8793.857142857143,8672.357142857143,False
2024-02-18,0,508,0,8463,0,Imputed,False,False,False,8971,0,0.0,-33233,,True,8,8851.0,8717.142857142857,False
2024-02-19,249,420,371,8380,218,Original,False,False,False,8800,153,-1.9061420131535,-33080,0.5876010781671159,True,8,8890.714285714286,8750.142857142857,False
2024-02-20,149,395,273,8488,192,Original,False,False,False,8883,81,0.9431818181818263,-32999,0.7032967032967034,True,8,8914.42857142857,8777.5,False
2024-02-21,232,430,318,8573,231,Original,False,False,False,9003,87,1.3508949679162496,-32912,0.7264150943396226,True,8,8938.57142857143,8805.357142857143,False
2024-02-22,165,400,292,8607,293,Original,False,False,False,9007,-1,0.04442963456625648,-32913,1.0034246575342465,True,8,8943.714285714286,8828.214285714286,False
2024-02-23,0,400,0,8607,0,Imputed,False,False,False,9007,0,0.0,-32913,,True,8,8948.857142857143,8851.07142857143,False
2024-02-24,0,400,0,8607,0,Imputed,False,False,False,9007,0,0.0,-32913,,True,8,8954.0,8873.92857142857,False
2024-02-25,244,482,366,8404,329,Original,False,False,False,8886,37,-1.3433995781059194,-32876,0.8989071038251366,True,8,8941.857142857143,8896.42857142857,False
2024-02-26,199,438,326,8404,329,Original,False,False,False,8842,-3,-0.4951609273013746,-32879,1.00920245398773,True,8,8947.857142857143,8919.285714285714,False
2024-02-27,197,369,306,8650,206,Original,False,False,False,9019,100,2.0018095453517404,-32779,0.673202614379085,True,8,8967.285714285714,8940.857142857143,False
2024-02-28,209,447,274,8699,257,Original,False,False,False,9146,17,1.4081383745426335,-32762,0.9379562043795621,True,8,8987.714285714286,8963.142857142857,False
2024-02-29,262,444,354,8724,299,Original,False,False,False,9168,55,0.2405423135797058,-32707,0.844632768361582,True,8,9010.714285714286,8977.214285714286,False
2024-03-01,0,444,0,8724,0,Imputed,False,False,False,9168,0,0.0,-32707,,True,8,9033.714285714286,8991.285714285714,False
2024-03-02,0,444,0,8724,0,Imputed,False,False,False,9168,0,0.0,-32707,,True,8,9056.714285714286,9005.357142857143,False
2024-03-03,236,468,347,8594,354,Original,False,False,False,9062,-7,-1.1561954624781823,-32714,1.0201729106628241,True,8,9081.857142857143,9011.857142857143,False
2024-03-04,225,509,340,8660,229,Original,False,False,False,9169,111,1.1807548002648494,-32603,0.6735294117647059,True,8,9128.57142857143,9038.214285714286,False
2024-03-05,246,472,345,8800,214,Original,False,False,False,9272,131,1.12335041989311,-32472,0.6202898550724638,True,8,9164.714285714286,9066.0,False
2024-03-06,230,457,277,8870,232,Original,False,False,False,9327,45,0.5931837791199213,-32427,0.8375451263537906,True,8,9190.57142857143,9089.142857142857,False
2024-03-07,181,424,328,8902,305,Original,False,False,False,9326,23,-0.010721561059290341,-32404,0.9298780487804879,True,8,9213.142857142857,9111.92857142857,False
2024-03-08,0,424,0,8902,0,Imputed,False,False,False,9326,0,0.0,-32404,,True,8,9235.714285714286,9134.714285714286,False
2024-03-09,0,424,0,8902,0,Imputed,False,False,False,9326,0,0.0,-32404,,True,8,9258.285714285714,9157.5,False
2024-03-10,190,368,326,8714,373,Original,False,False,False,9082,-47,-2.6163414111087246,-32451,1.1441717791411044,True,8,9261.142857142857,9171.5,False
2024-03-11,178,336,290,8757,253,Original,False,False,False,9093,37,0.12111869632238648,-32414,0.8724137931034482,True,8,9250.285714285714,9189.42857142857,False
2024-03-12,154,294,290,8843,213,Original,False,False,False,9137,77,0.4838887055977015,-32337,0.7344827586206897,True,8,9231.0,9197.857142857143,False
2024-03-13,165,358,167,8819,239,Original,False,False,False,9177,-72,0.43778045310276514,-32409,1.4311377245508983,True,8,9209.57142857143,9200.07142857143,False
2024-03-14,166,301,252,8695,310,Original,False,False,False,8996,-58,-1.9723221096218824,-32467,1.2301587301587302,True,8,9162.42857142857,9187.785714285714,False
2024-03-15,0,301,0,8695,0,Imputed,False,False,False,8996,0,0.0,-32467,,True,8,9115.285714285714,9175.5,False
2024-03-16,0,301,0,8695,0,Imputed,False,False,False,8996,0,0.0,-32467,,True,8,9068.142857142857,9163.214285714286,False
2024-03-17,127,260,259,8373,342,Original,False,False,False,8633,-83,-4.035126722987991,-32550,1.3204633204633205,True,8,9004.0,9132.57142857143,False
2024-03-18,123,243,188,8333,283,Original,False,False,False,8576,-95,-0.6602571527858259,-32645,1.5053191489361701,False,9,8930.142857142857,9090.214285714286,False
2024-03-19,99,202,256,8390,197,Original,True,False,True,8592,59,0.1865671641791078,-32586,0.76953125,False,9,8852.285714285714,9041.642857142857,False
2024-03-20,91,181,174,8365,227,Original,False,False,False,8546,-53,-0.5353817504655467,-32639,1.3045977011494252,False,9,8762.142857142857,8985.857142857143,False
2024-03-21,132,261,141,8292,235,Original,False,False,False,8553,-94,0.08190966534051825,-32733,1.6666666666666667,False,9,8698.857142857143,8930.642857142857,False
2024-03-22,0,261,0,8292,0,Imputed,False,False,False,8553,0,0.0,-32733,,False,9,8635.57142857143,8875.42857142857,False
2024-03-23,0,261,0,8292,0,Imputed,False,False,False,8553,0,0.0,-32733,,False,9,8572.285714285714,8820.214285714286,False
2024-03-24,124,264,221,7899,373,Original,False,False,False,8163,-152,-4.559803577692034,-32885,1.6877828054298643,False,9,8505.142857142857,8754.57142857143,False
2024-03-25,128,242,224,7899,229,Original,False,False,False,8141,-5,-0.26950875903466454,-32890,1.0223214285714286,False,9,8443.0,8686.57142857143,False
2024-03-26,187,276,200,7919,208,Original,False,False,False,8195,-8,0.6633091757769272,-32898,1.04,False,9,8386.285714285714,8619.285714285714,False
2024-03-27,129,287,185,7893,215,Original,False,False,False,8180,-30,-0.18303843807199183,-32928,1.162162162162162,False,9,8334.0,8548.07142857143,False
2024-03-28,161,288,248,7762,360,Original,False,False,False,8050,-112,-1.58924205378973,-33040,1.4516129032258065,False,9,8262.142857142857,8480.5,False
2024-03-29,0,288,0,7762,0,Imputed,False,False,False,8050,0,0.0,-33040,,False,9,8190.285714285715,8412.92857142857,False
2024-03-30,0,288,0,7762,0,Imputed,False,False,False,8050,0,0.0,-33040,,False,9,8118.428571428572,8345.357142857143,False
2024-03-31,105,254,151,7257,287,Original,False,False,False,7511,-136,-6.695652173913047,-33176,1.900662251655629,False,9,8025.285714285715,8265.214285714286,False
2024-04-01,109,235,171,7271,172,Original,False,False,False,7506,-1,-0.06656903208627218,-33177,1.0058479532163742,False,9,7934.571428571428,8188.785714285715,False
2024-04-02,101,230,175,7340,132,Original,False,False,False,7570,43,0.8526512123634422,-33134,0.7542857142857143,False,9,7845.285714285715,8115.785714285715,False
2024-04-03,124,230,190,7346,163,Original,False,False,False,7576,27,0.07926023778070945,-33107,0.8578947368421053,False,9,7759.0,8046.5,False
2024-04-04,95,226,152,7317,225,Original,False,False,False,7543,-73,-0.4355860612460405,-33180,1.480263157894737,False,9,7686.571428571428,7974.357142857143,False
2024-04-05,0,226,0,7317,0,Imputed,False,False,False,7543,0,0.0,-33180,,False,9,7614.142857142857,7902.214285714285,False
2024-04-06,0,226,0,7317,0,Imputed,False,False,False,7543,0,0.0,-33180,,False,9,7541.714285714285,7830.071428571428,False
2024-04-07,106,239,233,6982,279,Original,False,False,False,7221,-46,-4.268858544345755,-33226,1.1974248927038627,False,9,7500.285714285715,7762.785714285715,False
2024-04-08,102,230,167,6988,199,Original,False,False,False,7218,-32,-0.041545492314087884,-33258,1.1916167664670658,False,9,7459.142857142857,7696.857142857143,False
2024-04-09,118,231,217,7043,130,Original,False,False,False,7274,87,0.775838182321964,-33171,0.5990783410138248,False,9,7416.857142857143,7631.071428571428,False
2024-04-10,117,244,142,6999,227,Original,False,False,False,7243,-85,-0.42617541930162206,-33256,1.5985915492957747,False,9,7369.285714285715,7564.142857142857,False
2024-04-11,183,221,220,6912,285,Original,False,False,False,7133,-65,-1.518707717796497,-33321,1.2954545454545454,False,9,7310.714285714285,7498.642857142857,False
2024-04-12,0,221,0,6912,0,Imputed,False,False,False,7133,0,0.0,-33321,,False,9,7252.142857142857,7433.142857142857,False
2024-04-13,0,221,0,6912,0,Imputed,False,False,False,7133,0,0.0,-33321,,False,9,7193.571428571428,7367.642857142857,False
2024-04-14,128,245,243,6630,290,Original,False,False,False,6875,-47,-3.6169914481985144,-33368,1.1934156378600822,False,9,7144.142857142857,7322.214285714285,False
2024-04-15,144,303,176,6681,191,Original,False,False,False,6984,-15,1.5854545454545566,-33383,1.0852272727272727,False,9,7110.714285714285,7284.928571428572,False
2024-04-16,219,392,205,6685,163,Original,False,False,False,7077,42,1.3316151202749094,-33341,0.7951219512195122,False,9,7082.571428571428,7249.714285714285,False
2024-04-17,182,371,274,6725,227,Original,False,False,False,7096,47,0.2684753426593245,-33294,0.8284671532846716,False,9,7061.571428571428,7215.428571428572,False
2024-04-18,144,322,258,6728,260,Original,False,False,False,7050,-2,-0.6482525366403591,-33296,1.0077519379844961,False,9,7049.714285714285,7180.214285714285,False
2024-04-19,0,322,0,6728,0,Imputed,False,False,False,7050,0,0.0,-33296,,False,9,7037.857142857143,7145.0,False
2024-04-20,0,322,0,6728,0,Imputed,False,False,False,7050,0,0.0,-33296,,False,9,7026.0,7109.785714285715,False
2024-04-21,208,380,343,6745,240,Original,False,False,False,7125,103,1.0638297872340496,-33193,0.6997084548104956,False,9,7061.714285714285,7102.928571428572,False
2024-04-22,176,424,251,6799,214,Original,False,False,False,7223,37,1.3754385964912297,-33156,0.852589641434263,False,9,7095.857142857143,7103.285714285715,False
2024-04-23,252,427,307,6967,134,Original,False,False,False,7394,173,2.367437352900459,-32983,0.4364820846905538,False,9,7141.142857142857,7111.857142857143,False
2024-04-24,253,411,307,7128,154,Original,False,False,False,7539,153,1.9610494995942584,-32830,0.501628664495114,False,9,7204.428571428572,7133.0,False
2024-04-25,145,357,333,7209,217,Original,False,False,False,7566,116,0.35813768404298063,-32714,0.6516516516516516,False,9,7278.142857142857,7163.928571428572,False
2024-04-26,0,357,0,7209,0,Imputed,False,False,False,7566,0,0.0,-32714,,False,9,7351.857142857143,7194.857142857143,False
2024-04-27,0,357,0,7209,0,Imputed,False,False,False,7566,0,0.0,-32714,,False,9,7425.571428571428,7225.785714285715,False
2024-04-28,158,349,365,7298,250,Original,True,False,True,7647,115,1.0705789056304482,-32599,0.684931506849315,False,9,7500.142857142857,7280.928571428572,False
2024-04-29,140,292,255,7373,187,Original,False,False,False,7665,68,0.23538642604943316,-32531,0.7333333333333333,False,9,7563.285714285715,7329.571428571428,False
2024-04-30,220,443,194,7431,135,Original,False,False,False,7874,59,2.726679712981084,-32472,0.6958762886597938,False,9,7631.857142857143,7386.5,False
2024-05-01,197,437,295,7508,190,Original,False,False,False,7945,105,0.9017018034036095,-32367,0.6440677966101694,False,9,7689.857142857143,7447.142857142857,False
2024-05-02,206,411,293,7577,194,Original,False,False,False,7988,99,0.5412208936437901,-32268,0.6621160409556314,False,9,7750.142857142857,7514.142857142857,False
2024-05-03,0,411,0,7577,0,Imputed,False,False,False,7988,0,0.0,-32268,,False,9,7810.428571428572,7581.142857142857,False
2024-05-04,0,411,0,7577,0,Imputed,False,False,False,7988,0,0.0,-32268,,False,9,7870.714285714285,7648.142857142857,False
2024-05-05,150,315,228,7447,332,Original,False,False,False,7762,-104,-2.829243865798703,-32372,1.456140350877193,False,9,7887.142857142857,7693.642857142857,False
2024-05-06,173,337,211,7449,205,Original,False,False,False,7786,6,0.30919866013914277,-32366,0.9715639810426541,False,9,7904.428571428572,7733.857142857143,False
2024-05-07,176,334,246,7566,163,Original,False,False,False,7900,83,1.4641664526072518,-32283,0.6626016260162602,False,9,7908.142857142857,7770.0,False
2024-05-08,167,374,205,7583,202,Original,False,False,False,7957,3,0.7215189873417627,-32280,0.9853658536585366,False,9,7909.857142857143,7799.857142857143,False
2024-05-09,138,285,268,7570,244,Original,False,False,False,7855,24,-1.2818901596078902,-32256,0.9104477611940298,False,9,7890.857142857143,7820.5,False
2024-05-10,0,285,0,7570,0,Imputed,False,False,False,7855,0,0.0,-32256,,False,9,7871.857142857143,7841.142857142857,False
2024-05-11,0,285,0,7570,0,Imputed,False,False,False,7855,0,0.0,-32256,,False,9,7852.857142857143,7861.785714285715,False
2024-05-12,138,301,263,7464,245,Original,False,False,False,7765,18,-1.145767027371103,-32238,0.9315589353612167,False,9,7853.285714285715,7870.214285714285,False
2024-05-13,112,331,167,7499,157,Original,False,False,False,7830,10,0.8370895041854398,-32228,0.9401197604790419,False,9,7859.571428571428,7882.0,False
2024-05-14,246,419,218,7546,186,Original,False,False,False,7965,32,1.724137931034475,-32196,0.8532110091743119,False,9,7868.857142857143,7888.5,False
2024-05-15,115,285,341,7589,265,Original,True,False,True,7874,76,-1.1424984306340202,-32120,0.7771260997067448,False,9,7857.0,7883.428571428572,False
2024-05-16,206,340,214,7565,234,Original,False,False,False,7905,-20,0.3937007874015741,-32140,1.0934579439252337,False,9,7864.142857142857,7877.5,False
2024-05-17,0,340,0,7565,0,Imputed,False,False,False,7905,0,0.0,-32140,,False,9,7871.285714285715,7871.571428571428,False
2024-05-18,0,340,0,7565,0,Imputed,False,False,False,7905,0,0.0,-32140,,False,9,7878.428571428572,7865.642857142857,False
2024-05-19,143,295,278,7356,298,Original,False,False,False,7651,-20,-3.2131562302340266,-32160,1.0719424460431655,False,9,7862.142857142857,7857.714285714285,False
2024-05-20,111,268,217,7368,192,Original,False,False,False,7636,25,-0.19605280355509125,-32135,0.8847926267281107,False,9,7834.428571428572,7847.0,False
2024-05-21,196,348,176,7404,145,Original,False,False,False,7752,31,1.5191199580932402,-32104,0.8238636363636364,False,9,7804.0,7836.428571428572,False
2024-05-22,168,349,272,7474,208,Original,False,False,False,7823,64,0.9158926728586092,-32040,0.7647058823529411,False,9,7796.714285714285,7826.857142857143,False
2024-05-23,193,272,314,7494,227,Original,True,False,True,7766,87,-0.7286207337338646,-31953,0.7229299363057324,False,9,7776.857142857143,7820.5,False
2024-05-24,0,272,0,7494,0,Imputed,False,False,False,7766,0,0.0,-31953,,False,9,7757.0,7814.142857142857,False
2024-05-25,0,272,0,7494,0,Imputed,False,False,False,7766,0,0.0,-31953,,False,9,7737.142857142857,7807.785714285715,False
2024-05-26,0,272,0,7494,0,Imputed,False,False,False,7766,0,0.0,-31953,,False,9,7753.571428571428,7807.857142857143,False
2024-05-27,156,344,252,7365,167,Original,False,False,False,7709,85,-0.7339685809940821,-31868,0.6626984126984127,False,9,7764.0,7799.214285714285,False
2024-05-28,153,348,239,7418,151,Original,False,False,False,7766,88,0.7393955117395157,-31780,0.6317991631799164,False,9,7766.0,7785.0,False
2024-05-29,182,462,158,7491,141,Original,False,False,False,7953,17,2.4079320113314484,-31763,0.8924050632911392,False,9,7784.571428571428,7790.642857142857,False
2024-05-30,167,406,339,7563,190,Original,False,False,False,7969,149,0.20118194392053645,-31614,0.56047197640118,False,9,7813.571428571428,7795.214285714285,False
2024-05-31,0,406,0,7563,0,Imputed,False,False,False,7969,0,0.0,-31614,,False,9,7842.571428571428,7799.785714285715,False
2024-06-01,0,406,0,7563,0,Imputed,False,False,False,7969,0,0.0,-31614,,False,9,7871.571428571428,7804.357142857143,False
2024-06-02,159,330,322,7546,306,Original,False,False,False,7876,16,-1.1670222110678918,-31598,0.9503105590062112,False,9,7887.285714285715,7820.428571428572,False
2024-06-03,109,244,257,7596,224,Original,True,False,True,7840,33,-0.45708481462671813,-31565,0.8715953307392996,False,9,7906.0,7835.0,False
2024-06-04,260,356,176,7565,203,Original,False,False,False,7921,-27,1.033163265306114,-31592,1.1534090909090908,False,9,7928.142857142857,7847.071428571428,False
2024-06-05,173,345,291,7691,198,Original,False,False,False,8036,93,1.4518368892816547,-31499,0.6804123711340206,False,9,7940.0,7862.285714285715,False
2024-06-06,179,326,282,7741,238,Original,False,False,False,8067,44,0.3857640617222602,-31455,0.8439716312056738,False,9,7954.0,7883.785714285715,False
2024-06-07,0,326,0,7741,0,Imputed,False,False,False,8067,0,0.0,-31455,,False,9,7968.0,7905.285714285715,False
2024-06-08,0,326,0,7741,0,Imputed,False,False,False,8067,0,0.0,-31455,,False,9,7982.0,7926.785714285715,False
2024-06-09,116,289,166,7451,312,Original,False,False,False,7740,-146,-4.0535515061361105,-31601,1.8795180722891567,False,9,7962.571428571428,7924.928571428572,False
2024-06-10,184,334,229,7439,212,Original,False,False,False,7773,17,0.426356589147292,-31584,0.925764192139738,False,9,7953.0,7929.5,False
2024-06-11,186,352,224,7493,156,Original,False,False,False,7845,68,0.9262832883056626,-31516,0.6964285714285714,False,9,7942.142857142857,7935.142857142857,False
2024-06-12,152,266,274,7548,212,Original,True,False,True,7814,62,-0.39515615041427754,-31454,0.7737226277372263,False,9,7910.428571428572,7925.214285714285,False
2024-06-13,167,293,230,7544,259,Original,False,False,False,7837,-29,0.2943434860506855,-31483,1.126086956521739,False,9,7877.571428571428,7915.785714285715,False
2024-06-14,0,293,0,7544,0,Imputed,False,False,False,7837,0,0.0,-31483,,False,9,7844.714285714285,7906.357142857143,False
2024-06-15,0,293,0,7544,0,Imputed,False,False,False,7837,0,0.0,-31483,,False,9,7811.857142857143,7896.928571428572,False
2024-06-16,204,315,233,7307,294,Original,False,False,False,7622,-61,-2.7433967079239507,-31544,1.261802575107296,False,9,7795.0,7878.785714285715,False
2024-06-17,159,310,272,7318,224,Original,False,False,False,7628,48,0.07871949619522312,-31496,0.8235294117647058,False,9,7774.285714285715,7863.642857142857,False
2024-06-18,160,297,253,7340,214,Original,False,False,False,7637,39,0.11798636601991763,-31457,0.8458498023715415,False,9,7744.571428571428,7843.357142857143,False
2024-06-19,204,321,246,7433,198,Original,False,False,False,7754,48,1.5320151892104228,-31409,0.8048780487804879,False,9,7736.0,7823.214285714285,False
2024-06-20,145,247,243,7431,235,Original,False,False,False,7678,8,-0.9801392829507316,-31401,0.9670781893004116,False,9,7713.285714285715,7795.428571428572,False
2024-06-21,0,247,0,7431,0,Imputed,False,False,False,7678,0,0.0,-31401,,False,9,7690.571428571428,7767.642857142857,False
2024-06-22,0,247,0,7431,0,Imputed,False,False,False,7678,0,0.0,-31401,,False,9,7667.857142857143,7739.857142857143,False
2024-06-23,102,227,201,7247,294,Original,False,False,False,7474,-93,-2.6569419119562343,-31494,1.462686567164179,False,9,7646.714285714285,7720.857142857143,False
2024-06-24,116,175,172,7239,202,Original,False,False,False,7414,-30,-0.8027829810008047,-31524,1.1744186046511629,False,9,7616.142857142857,7695.214285714285,False
2024-06-25,172,263,191,7239,202,Original,False,False,False,7502,-11,1.1869436201780381,-31535,1.057591623036649,False,9,7596.857142857143,7670.714285714285,False
2024-06-26,132,235,197,7268,187,Original,False,False,False,7503,10,0.013329778725679198,-31525,0.949238578680203,False,9,7561.0,7648.5,False
2024-06-27,174,208,256,7248,268,Original,True,False,True,7456,-12,-0.6264161002265789,-31537,1.046875,False,9,7529.285714285715,7621.285714285715,False
2024-06-28,0,208,0,7248,0,Imputed,False,False,False,7456,0,0.0,-31537,,False,9,7497.571428571428,7594.071428571428,False
2024-06-29,0,208,0,7248,0,Imputed,False,False,False,7456,0,0.0,-31537,,False,9,7465.857142857143,7566.857142857143,False
2024-06-30,123,230,167,6874,273,Original,False,False,False,7104,-106,-4.72103004291845,-31643,1.6347305389221556,False,9,7413.0,7529.857142857143,False
2024-07-01,123,233,159,6825,229,Original,False,False,False,7058,-70,-0.6475225225225256,-31713,1.440251572327044,False,9,7362.142857142857,7489.142857142857,False
2024-07-02,141,232,188,6823,184,Original,False,False,False,7055,4,-0.042504958911870894,-31709,0.9787234042553191,False,9,7298.285714285715,7447.571428571428,False
2024-07-03,0,232,0,6823,0,Imputed,False,False,False,7055,0,0.0,-31709,,False,9,7234.285714285715,7397.642857142857,False
2024-07-04,158,226,191,6790,225,Original,False,False,False,7016,-34,-0.5527994330262187,-31743,1.1780104712041886,False,9,7171.428571428572,7350.357142857143,False
2024-07-05,0,226,0,6790,0,Imputed,False,False,False,7016,0,0.0,-31743,,False,9,7108.571428571428,7303.071428571428,False
2024-07-06,0,226,0,6790,0,Imputed,False,False,False,7016,0,0.0,-31743,,False,9,7045.714285714285,7255.785714285715,False
2024-07-07,96,160,233,6599,213,Original,True,False,True,6759,20,-3.6630558722919093,-31723,0.9141630901287554,False,9,6996.428571428572,7204.714285714285,False
2024-07-08,141,173,129,6617,123,Original,False,False,False,6790,6,0.458647728953987,-31717,0.9534883720930233,False,9,6958.142857142857,7160.142857142857,False
2024-07-09,116,181,182,6651,130,Original,True,False,True,6832,52,0.6185567010309256,-31665,0.7142857142857143,False,9,6926.285714285715,7112.285714285715,False
2024-07-10,150,157,201,6649,177,Original,True,False,True,6806,24,-0.38056206088993294,-31641,0.8805970149253731,False,9,6890.714285714285,7062.5,False
2024-07-11,80,176,125,6640,197,Original,False,False,False,6816,-72,0.1469291801351691,-31713,1.576,False,9,6862.142857142857,7016.785714285715,False
2024-07-12,0,176,0,6640,0,Imputed,False,False,False,6816,0,0.0,-31713,,False,9,6833.571428571428,6971.071428571428,False
2024-07-13,0,176,0,6640,0,Imputed,False,False,False,6816,0,0.0,-31713,,False,9,6805.0,6925.357142857143,False
2024-07-14,116,188,164,6308,237,Original,False,False,False,6496,-73,-4.694835680751175,-31786,1.4451219512195121,False,9,6767.428571428572,6881.928571428572,False
2024-07-15,105,185,158,6283,171,Original,False,False,False,6468,-13,-0.4310344827586188,-31799,1.0822784810126582,False,9,6721.428571428572,6839.785714285715,False
2024-07-16,136,246,123,6239,173,Original,False,False,False,6485,-50,0.26283240568953925,-31849,1.4065040650406504,False,9,6671.857142857143,6799.071428571428,False
2024-07-17,128,228,177,6228,187,Original,False,False,False,6456,-10,-0.44718581341557373,-31859,1.0564971751412429,False,9,6621.857142857143,6756.285714285715,False
2024-07-18,0,228,0,6228,0,Imputed,False,False,False,6456,0,0.0,-31859,,False,9,6570.428571428572,6716.285714285715,False
2024-07-19,0,228,0,6228,0,Imputed,False,False,False,6456,0,0.0,-31859,,False,9,6519.0,6676.285714285715,False
2024-07-20,0,228,0,6228,0,Imputed,False,False,False,6456,0,0.0,-31859,,False,9,6467.571428571428,6636.285714285715,False
2024-07-21,90,196,205,6058,262,Original,True,False,True,6254,-57,-3.1288723667905805,-31916,1.278048780487805,False,9,6433.0,6600.214285714285,False
2024-07-22,102,189,155,6002,234,Original,False,False,False,6191,-79,-1.0073552926127327,-31995,1.5096774193548388,False,9,6393.428571428572,6557.428571428572,False
2024-07-23,120,257,126,5965,170,Original,False,False,False,6222,-44,0.500726861573253,-32039,1.3492063492063493,False,9,6355.857142857143,6513.857142857143,False
2024-07-24,137,272,166,5927,177,Original,False,False,False,6199,-11,-0.3696560591449738,-32050,1.0662650602409638,False,9,6319.142857142857,6470.5,False
2024-07-25,93,198,208,5954,194,Original,True,False,True,6152,14,-0.7581868043232798,-32036,0.9326923076923077,False,9,6275.714285714285,6423.071428571428,False
2024-07-26,0,198,0,5954,0,Imputed,False,False,False,6152,0,0.0,-32036,,False,9,6232.285714285715,6375.642857142857,False
2024-07-27,0,198,0,5954,0,Imputed,False,False,False,6152,0,0.0,-32036,,False,9,6188.857142857143,6328.214285714285,False
2024-07-28,152,290,199,5743,207,Original,False,False,False,6033,-8,-1.934330299089726,-32044,1.0402010050251256,False,9,6157.285714285715,6295.142857142857,False
2024-07-29,114,210,219,5819,163,Original,True,False,True,6029,56,-0.06630200563566557,-31988,0.7442922374429224,False,9,6134.142857142857,6263.785714285715,False
2024-07-30,125,203,208,5930,92,Original,True,False,True,6133,116,1.724995853375355,-31872,0.4423076923076923,False,9,6121.428571428572,6238.642857142857,False
2024-07-31,140,261,163,5963,154,Original,False,False,False,6224,9,1.4837762921897868,-31863,0.9447852760736196,False,9,6125.0,6222.071428571428,False
2024-08-01,227,298,212,6016,169,Original,False,False,False,6314,43,1.4460154241645151,-31820,0.7971698113207547,False,9,6148.142857142857,6211.928571428572,False
2024-08-02,0,298,0,6016,0,Imputed,False,False,False,6314,0,0.0,-31820,,False,9,6171.285714285715,6201.785714285715,False
2024-08-03,0,298,0,6016,0,Imputed,False,False,False,6314,0,0.0,-31820,,False,9,6194.428571428572,6191.642857142857,False
2024-08-04,63,167,143,5943,170,Original,False,False,False,6110,-27,-3.230915426037373,-31847,1.1888111888111887,False,9,6205.428571428572,6181.357142857143,False
2024-08-05,172,259,138,5950,150,Original,False,False,False,6209,-12,1.6202945990180018,-31859,1.0869565217391304,False,9,6231.142857142857,6182.642857142857,False
2024-08-06,163,283,200,5998,143,Original,False,False,False,6281,57,1.1596070220647459,-31802,0.715,False,9,6252.285714285715,6186.857142857143,False
2024-08-07,135,273,207,6038,174,Original,False,False,False,6311,33,0.4776309504855858,-31769,0.8405797101449275,False,9,6264.714285714285,6194.857142857143,False
2024-08-08,119,230,213,6084,174,Original,False,False,False,6314,39,0.04753604816987167,-31730,0.8169014084507042,False,9,6264.714285714285,6206.428571428572,False
2024-08-09,0,230,0,6084,0,Imputed,False,False,False,6314,0,0.0,-31730,,False,9,6264.714285714285,6218.0,False
2024-08-10,0,230,0,6084,0,Imputed,False,False,False,6314,0,0.0,-31730,,False,9,6264.714285714285,6229.571428571428,False
2024-08-11,95,211,140,5894,249,Original,False,False,False,6105,-109,-3.3101045296167197,-31839,1.7785714285714285,False,9,6264.0,6234.714285714285,False
2024-08-12,109,219,155,5903,148,Original,False,False,False,6122,7,0.27846027846027965,-31832,0.9548387096774194,False,9,6251.571428571428,6241.357142857143,False
2024-08-13,162,239,189,5981,123,Original,False,False,False,6220,66,1.6007840574975507,-31766,0.6507936507936508,False,9,6242.857142857143,6247.571428571428,False
2024-08-14,109,226,191,5987,178,Original,False,False,False,6213,13,-0.11254019292604722,-31753,0.9319371727748691,False,9,6228.857142857143,6246.785714285715,False
2024-08-15,124,241,156,5895,220,Original,False,False,False,6136,-64,-1.2393368742958266,-31817,1.4102564102564104,False,9,6203.428571428572,6234.071428571428,False
2024-08-16,0,241,0,5895,0,Imputed,False,False,False,6136,0,0.0,-31817,,False,9,6178.0,6221.357142857143,False
2024-08-17,0,241,0,5895,0,Imputed,False,False,False,6136,0,0.0,-31817,,False,9,6152.571428571428,6208.642857142857,False
2024-08-18,86,244,235,5821,178,Original,False,False,False,6065,57,-1.1571056062581464,-31760,0.7574468085106383,False,9,6146.857142857143,6205.428571428572,False
2024-08-19,176,254,162,5865,158,Original,False,False,False,6119,4,0.8903544929925733,-31756,0.9753086419753086,False,9,6146.428571428572,6199.0,False
2024-08-20,136,274,245,5995,112,Original,False,False,False,6269,133,2.45138094459878,-31623,0.45714285714285713,False,9,6153.428571428572,6198.142857142857,False
2024-08-21,134,245,167,6028,156,Original,False,False,False,6273,11,0.06380602966979954,-31612,0.9341317365269461,False,9,6162.0,6195.428571428572,False
2024-08-22,182,307,205,6054,171,Original,False,False,False,6361,34,1.4028375577873398,-31578,0.8341463414634146,False,9,6194.142857142857,6198.785714285715,False
2024-08-23,0,307,0,6054,0,Imputed,False,False,False,6361,0,0.0,-31578,,False,9,6226.285714285715,6202.142857142857,False
2024-08-24,0,307,0,6054,0,Imputed,False,False,False,6361,0,0.0,-31578,,False,9,6258.428571428572,6205.5,False
2024-08-25,0,307,0,6054,0,Imputed,False,False,False,6361,0,0.0,-31578,,False,9,6300.714285714285,6223.785714285715,False
2024-08-26,0,307,0,6054,0,Imputed,False,False,False,6361,0,0.0,-31578,,False,9,6335.285714285715,6240.857142857143,False
2024-08-27,149,285,222,6152,97,Original,False,False,False,6437,125,1.1947806948592987,-31453,0.4369369369369369,False,9,6359.285714285715,6256.357142857143,False
2024-08-28,170,285,178,6227,134,Original,False,False,False,6512,44,1.1651390399254336,-31409,0.7528089887640449,False,9,6393.428571428572,6277.714285714285,False
2024-08-29,145,295,188,6250,169,Original,False,False,False,6545,19,0.5067567567567544,-31390,0.898936170212766,False,9,6419.714285714285,6306.928571428572,False
2024-08-30,0,295,0,6250,0,Imputed,False,False,False,6545,0,0.0,-31390,,False,9,6446.0,6336.142857142857,False
2024-08-31,0,295,0,6250,0,Imputed,False,False,False,6545,0,0.0,-31390,,False,9,6472.285714285715,6365.357142857143,False
2024-09-01,0,295,0,6250,0,Imputed,False,False,False,6545,0,0.0,-31390,,False,9,6498.571428571428,6399.642857142857,False
2024-09-02,133,270,198,6192,129,Original,False,False,False,6462,69,-1.268143621084794,-31321,0.6515151515151515,False,9,6513.0,6424.142857142857,False
2024-09-03,131,263,177,6272,112,Original,False,False,False,6535,65,1.1296812132466805,-31256,0.632768361581921,False,9,6527.0,6443.142857142857,False
2024-09-04,121,231,219,6375,114,Original,False,False,False,6606,105,1.0864575363427775,-31151,0.5205479452054794,False,9,6540.428571428572,6466.928571428572,False
2024-09-05,126,230,175,6448,121,Original,False,False,False,6678,54,1.089918256130784,-31097,0.6914285714285714,False,9,6559.428571428572,6489.571428571428,False
2024-09-06,0,230,0,6448,0,Imputed,False,False,False,6678,0,0.0,-31097,,False,9,6578.428571428572,6512.214285714285,False
2024-09-07,0,230,0,6448,0,Imputed,False,False,False,6678,0,0.0,-31097,,False,9,6597.428571428572,6534.857142857143,False
2024-09-08,123,255,164,6312,221,Original,False,False,False,6567,-57,-1.6621743036837389,-31154,1.3475609756097562,False,9,6600.571428571428,6549.571428571428,False
2024-09-09,144,275,190,6353,141,Original,False,False,False,6628,49,0.928886858535094,-31105,0.7421052631578947,False,9,6624.285714285715,6568.642857142857,False
2024-09-10,131,251,180,6396,148,Original,False,False,False,6647,32,0.28666264333132574,-31073,0.8222222222222222,False,9,6640.285714285715,6583.642857142857,False
2024-09-11,93,248,175,6410,162,Original,False,False,False,6658,13,0.16548819016097838,-31060,0.9257142857142857,False,9,6647.714285714285,6594.071428571428,False
2024-09-12,184,280,210,6360,220,Original,False,False,False,6640,-10,-0.270351456893958,-31070,1.0476190476190477,False,9,6642.285714285715,6600.857142857143,False
2024-09-13,81,200,212,6326,279,Original,True,False,True,6526,-67,-1.7168674698795128,-31137,1.3160377358490567,False,9,6620.571428571428,6599.5,False
2024-09-14,0,200,0,6326,0,Imputed,False,False,False,6526,0,0.0,-31137,,False,9,6598.857142857143,6598.142857142857,False
2024-09-15,98,220,167,6234,210,Original,False,False,False,6454,-43,-1.1032791909285966,-31180,1.2574850299401197,False,9,6582.714285714285,6591.642857142857,False
2024-09-16,113,209,160,6229,164,Original,False,False,False,6438,-4,-0.24790827393864623,-31184,1.025,False,9,6555.571428571428,6589.928571428572,False
2024-09-17,159,304,139,6227,160,Original,False,False,False,6531,-21,1.4445479962721386,-31205,1.1510791366906474,False,9,6539.0,6589.642857142857,False
2024-09-18,116,213,217,6245,149,Original,True,False,True,6458,68,-1.1177461338233052,-31137,0.6866359447004609,False,9,6510.428571428572,6579.071428571428,False
2024-09-19,93,196,169,6270,188,Original,False,False,False,6466,-19,0.12387736141219463,-31156,1.1124260355029585,False,9,6485.571428571428,6563.928571428572,False
2024-09-20,0,196,0,6270,0,Imputed,False,False,False,6466,0,0.0,-31156,,False,9,6477.0,6548.785714285715,False
2024-09-21,0,196,0,6270,0,Imputed,False,False,False,6466,0,0.0,-31156,,False,9,6468.428571428572,6533.642857142857,False
2024-09-22,124,234,161,5989,197,Original,False,False,False,6223,-36,-3.7581193937519353,-31192,1.2236024844720497,False,9,6435.428571428572,6509.071428571428,False
2024-09-23,92,203,173,6002,165,Original,False,False,False,6205,8,-0.28924955809095376,-31184,0.953757225433526,False,9,6402.142857142857,6478.857142857143,False
2024-09-24,186,259,172,6023,143,Original,False,False,False,6282,29,1.2409347300563978,-31155,0.8313953488372093,False,9,6366.571428571428,6452.785714285715,False
2024-09-25,154,225,220,6050,169,Original,False,False,False,6275,51,-0.11142948105699046,-31104,0.7681818181818182,False,9,6340.428571428572,6425.428571428572,False
2024-09-26,91,199,172,6090,185,Original,False,False,False,6289,-13,0.223107569721126,-31117,1.0755813953488371,False,9,6315.142857142857,6400.357142857143,False
2024-09-27,0,199,0,6090,0,Imputed,False,False,False,6289,0,0.0,-31117,,False,9,6289.857142857143,6383.428571428572,False
2024-09-28,0,199,0,6090,0,Imputed,False,False,False,6289,0,0.0,-31117,,False,9,6264.571428571428,6366.5,False
2024-09-29,81,213,153,5925,177,Original,False,False,False,6138,-24,-2.401017649864845,-31141,1.1568627450980393,False,9,6252.428571428572,6343.928571428572,False
2024-09-30,209,285,184,5967,138,Original,False,False,False,6252,46,1.8572825024437911,-31095,0.75,False,9,6259.142857142857,6330.642857142857,False
2024-10-01,184,314,217,6040,137,Original,False,False,False,6354,80,1.6314779270633295,-31015,0.631336405529954,False,9,6269.428571428572,6318.0,False
2024-10-02,107,215,230,6091,173,Original,True,False,True,6306,57,-0.7554296506137814,-30958,0.7521739130434782,False,9,6273.857142857143,6307.142857142857,False
2024-10-03,101,162,178,6118,193,Original,True,False,True,6280,-15,-0.4123057405645447,-30973,1.0842696629213484,False,9,6272.571428571428,6293.857142857143,False
2024-10-04,0,162,0,6118,0,Imputed,False,False,False,6280,0,0.0,-30973,,False,9,6271.285714285715,6280.571428571428,False
2024-10-05,0,162,0,6118,0,Imputed,False,False,False,6280,0,0.0,-30973,,False,9,6270.0,6267.285714285715,False
2024-10-06,0,162,0,6118,0,Imputed,False,False,False,6280,0,0.0,-30973,,False,9,6290.285714285715,6271.357142857143,False
2024-10-07,99,190,176,5968,153,Original,False,False,False,6158,23,-1.942675159235674,-30950,0.8693181818181818,False,9,6276.857142857143,6268.0,False
2024-10-08,167,239,166,6013,123,Original,False,False,False,6252,43,1.5264696329977179,-30907,0.7409638554216867,False,9,6262.285714285715,6265.857142857143,False
2024-10-09,115,216,169,6047,137,Original,False,False,False,6263,32,0.175943698016634,-30875,0.8106508875739645,False,9,6256.142857142857,6265.0,False
2024-10-10,84,158,193,6075,159,Original,True,False,True,6233,34,-0.4790036723614888,-30841,0.8238341968911918,False,9,6249.428571428572,6261.0,False
2024-10-11,0,158,0,6075,0,Imputed,False,False,False,6233,0,0.0,-30841,,False,9,6242.714285714285,6257.0,False
2024-10-12,0,158,0,6075,0,Imputed,False,False,False,6233,0,0.0,-30841,,False,9,6236.0,6253.0,False
2024-10-13,130,227,192,5889,210,Original,False,False,False,6116,-18,-1.8771057275790204,-30859,1.09375,False,9,6212.571428571428,6251.428571428572,False
2024-10-14,88,214,160,5935,106,Original,False,False,False,6149,54,0.5395683453237377,-30805,0.6625,False,9,6211.285714285715,6244.071428571428,False
2024-10-15,113,208,159,6013,107,Original,False,False,False,6221,52,1.170922101154659,-30753,0.6729559748427673,False,9,6206.857142857143,6234.571428571428,False
2024-10-16,174,285,150,6036,129,Original,False,False,False,6321,21,1.6074586079408482,-30732,0.86,False,9,6215.142857142857,6235.642857142857,False
2024-10-17,104,230,206,6076,160,Original,False,False,False,6306,46,-0.23730422401518902,-30686,0.7766990291262136,False,9,6225.571428571428,6237.5,False
2024-10-18,0,230,0,6076,0,Imputed,False,False,False,6306,0,0.0,-30686,,False,9,6236.0,6239.357142857143,False
2024-10-19,0,230,0,6076,0,Imputed,False,False,False,6306,0,0.0,-30686,,False,9,6246.428571428572,6241.214285714285,False
2024-10-20,147,276,214,5918,195,Original,False,False,False,6194,19,-1.776086267047261,-30667,0.9112149532710281,False,9,6257.571428571428,6235.071428571428,False
2024-10-21,108,220,213,5966,154,Original,False,False,False,6186,59,-0.12915724895059544,-30608,0.7230046948356808,False,9,6262.857142857143,6237.071428571428,False
2024-10-22,180,280,146,6043,109,Original,False,False,False,6323,37,2.2146783058519137,-30571,0.7465753424657534,False,9,6277.428571428572,6242.142857142857,False
2024-10-23,134,294,186,6077,138,Original,False,False,False,6371,48,0.7591333227898067,-30523,0.7419354838709677,False,9,6284.571428571428,6249.857142857143,False
2024-10-24,0,294,0,6077,0,Imputed,False,False,False,6371,0,0.0,-30523,,False,9,6293.857142857143,6259.714285714285,False
2024-10-25,0,294,0,6077,0,Imputed,False,False,False,6371,0,0.0,-30523,,False,9,6303.142857142857,6269.571428571428,False
2024-10-26,0,294,0,6077,0,Imputed,False,False,False,6371,0,0.0,-30523,,False,9,6312.428571428572,6279.428571428572,False
2024-10-27,202,313,158,5974,192,Original,False,False,False,6287,-34,-1.318474336838804,-30557,1.2151898734177216,False,9,6325.714285714285,6291.642857142857,False
2024-10-28,110,272,193,6008,156,Original,False,False,False,6280,37,-0.11134086209638738,-30520,0.8082901554404145,False,9,6339.142857142857,6301.0,False
2024-10-29,166,277,229,6106,126,Original,False,False,False,6383,103,1.6401273885350287,-30417,0.5502183406113537,False,9,6347.714285714285,6312.571428571428,False
2024-10-30,136,276,178,6149,160,Original,False,False,False,6425,18,0.6579978066739711,-30399,0.898876404494382,False,9,6355.428571428572,6320.0,False
2024-10-31,87,246,173,6148,177,Original,False,False,False,6394,-4,-0.4824902723735369,-30403,1.023121387283237,False,9,6358.714285714285,6326.285714285715,False
2024-11-01,0,246,0,6148,0,Imputed,False,False,False,6394,0,0.0,-30403,,False,9,6362.0,6332.571428571428,False
2024-11-02,0,246,0,6148,0,Imputed,False,False,False,6394,0,0.0,-30403,,False,9,6365.285714285715,6338.857142857143,False
2024-11-03,84,171,157,5990,184,Original,False,False,False,6161,-27,-3.6440412887081663,-30430,1.1719745222929936,False,9,6347.285714285715,6336.5,False
2024-11-04,167,209,157,6007,132,Original,False,False,False,6216,25,0.8927122220418804,-30405,0.8407643312101911,False,9,6338.142857142857,6338.642857142857,False
2024-11-05,109,245,159,6045,126,Original,False,False,False,6290,33,1.1904761904761862,-30372,0.7924528301886793,False,9,6324.857142857143,6336.285714285715,False
2024-11-06,156,256,176,6086,137,Original,False,False,False,6342,39,0.8267090620031725,-30333,0.7784090909090909,False,9,6313.0,6334.214285714285,False
2024-11-07,125,232,192,6084,177,Original,False,False,False,6316,15,-0.40996531062755803,-30318,0.921875,False,9,6301.857142857143,6330.285714285715,False
2024-11-08,0,232,0,6084,0,Imputed,False,False,False,6316,0,0.0,-30318,,False,9,6290.714285714285,6326.357142857143,False
2024-11-09,0,232,0,6084,0,Imputed,False,False,False,6316,0,0.0,-30318,,False,9,6279.571428571428,6322.428571428572,False
2024-11-10,0,232,0,6084,0,Imputed,False,False,False,6316,0,0.0,-30318,,False,9,6301.714285714285,6324.5,False
2024-11-11,118,139,168,5963,145,Original,True,False,True,6102,23,-3.3882203926535737,-30295,0.8630952380952381,False,9,6285.428571428572,6311.785714285715,False
2024-11-12,142,235,139,5975,138,Original,False,False,False,6210,1,1.7699115044247815,-30294,0.9928057553956835,False,9,6274.0,6299.428571428572,False
2024-11-13,148,245,175,5966,151,Original,False,False,False,6211,24,0.016103059581329404,-30270,0.8628571428571429,False,9,6255.285714285715,6284.142857142857,False
2024-11-14,119,219,210,6025,172,Original,False,False,False,6244,38,0.5313154081468374,-30232,0.819047619047619,False,9,6245.0,6273.428571428572,False
2024-11-15,0,219,0,6025,0,Imputed,False,False,False,6244,0,0.0,-30232,,False,9,6234.714285714285,6262.714285714285,False
2024-11-16,0,219,0,6025,0,Imputed,False,False,False,6244,0,0.0,-30232,,False,9,6224.428571428572,6252.0,False
2024-11-17,105,210,149,5816,195,Original,False,False,False,6026,-46,-3.49135169762973,-30278,1.308724832214765,False,9,6183.0,6242.357142857143,False
2024-11-18,143,203,163,5819,138,Original,False,False,False,6022,25,-0.06637902422834685,-30253,0.8466257668711656,False,9,6171.571428571428,6228.5,False
2024-11-19,119,209,152,5844,146,Original,False,False,False,6053,6,0.5147791431418192,-30247,0.9605263157894737,False,9,6149.142857142857,6211.571428571428,False
2024-11-20,155,212,181,5879,148,Original,False,False,False,6091,33,0.6277878737815934,-30214,0.8176795580110497,False,9,6132.0,6193.642857142857,False
2024-11-21,109,214,173,5850,210,Original,False,False,False,6064,-37,-0.44327696601543787,-30251,1.2138728323699421,False,9,6106.285714285715,6175.642857142857,False
2024-11-22,0,214,0,5850,0,Imputed,False,False,False,6064,0,0.0,-30251,,False,9,6080.571428571428,6157.642857142857,False
2024-11-23,0,214,0,5850,0,Imputed,False,False,False,6064,0,0.0,-30251,,False,9,6054.857142857143,6139.642857142857,False
2024-11-24,191,283,192,5664,207,Original,False,False,False,5947,-15,-1.9294195250659674,-30266,1.078125,False,9,6043.571428571428,6113.285714285715,False
2024-11-25,170,297,196,5715,129,Original,False,False,False,6012,67,1.0929880612073228,-30199,0.6581632653061225,False,9,6042.142857142857,6106.857142857143,False
2024-11-26,152,272,214,5826,112,Original,False,False,False,6098,102,1.4304723885562254,-30097,0.5233644859813084,False,9,6048.571428571428,6098.857142857143,False
2024-11-27,239,367,224,5862,211,Original,False,False,False,6229,13,2.1482453263365064,-30084,0.9419642857142857,False,9,6068.285714285715,6100.142857142857,False
2024-11-28,113,280,237,5963,143,Original,False,False,False,6243,94,0.224755177396041,-29990,0.6033755274261603,False,9,6093.857142857143,6100.071428571428,False
2024-11-29,0,280,0,5963,0,Imputed,False,False,False,6243,0,0.0,-29990,,False,9,6119.428571428572,6100.0,False
2024-11-30,0,280,0,5963,0,Imputed,False,False,False,6243,0,0.0,-29990,,False,9,6145.0,6099.928571428572,False
2024-12-01,196,306,187,5986,149,Original,False,False,False,6292,38,0.7848790645522907,-29952,0.7967914438502673,False,9,6194.285714285715,6118.928571428572,False
2024-12-02,236,330,222,6061,115,Original,False,False,False,6391,107,1.573426573426584,-29845,0.5180180180180181,False,9,6248.428571428572,6145.285714285715,False
2024-12-03,81,230,242,6192,107,Original,True,False,True,6422,135,0.48505711156312525,-29710,0.44214876033057854,False,9,6294.714285714285,6171.642857142857,False
2024-12-04,118,245,160,6269,115,Original,False,False,False,6514,45,1.4325755216443525,-29665,0.71875,False,9,6335.428571428572,6201.857142857143,False
2024-12-05,218,283,208,6310,150,Original,False,False,False,6593,58,1.2127724900214965,-29607,0.7211538461538461,False,9,6385.428571428572,6239.642857142857,False
2024-12-06,0,283,0,6310,0,Imputed,False,False,False,6593,0,0.0,-29607,,False,9,6435.428571428572,6277.428571428572,False
2024-12-07,0,283,0,6310,0,Imputed,False,False,False,6593,0,0.0,-29607,,False,9,6485.428571428572,6315.214285714285,False
2024-12-08,132,243,183,6286,172,Original,False,False,False,6529,11,-0.9707265281359012,-29596,0.9398907103825137,False,9,6519.285714285715,6356.785714285715,False
2024-12-09,224,315,152,6268,174,Original,False,False,False,6583,-22,0.8270791851738402,-29618,1.144736842105263,False,9,6546.714285714285,6397.571428571428,False
2024-12-10,167,326,213,6310,149,Original,False,False,False,6636,64,0.8051040559015732,-29554,0.6995305164319249,False,9,6577.285714285715,6436.0,False
2024-12-11,209,353,232,6402,152,Original,False,False,False,6755,80,1.793248945147674,-29474,0.6551724137931034,False,9,6611.714285714285,6473.571428571428,False
2024-12-12,153,253,286,6481,194,Original,True,False,True,6734,92,-0.31088082901554737,-29382,0.6783216783216783,False,9,6631.857142857143,6508.642857142857,False
2024-12-13,0,253,0,6481,0,Imputed,False,False,False,6734,0,0.0,-29382,,False,9,6652.0,6543.714285714285,False
2024-12-14,0,253,0,6481,0,Imputed,False,False,False,6734,0,0.0,-29382,,False,9,6672.142857142857,6578.785714285715,False
2024-12-15,180,337,219,6408,224,Original,False,False,False,6745,-5,0.16335016335016217,-29387,1.0228310502283104,False,9,6703.0,6611.142857142857,False
2024-12-16,133,287,189,6454,149,Original,False,False,False,6741,40,-0.05930318754633346,-29347,0.7883597883597884,False,9,6725.571428571428,6636.142857142857,False
2024-12-17,187,310,247,6506,151,Original,False,False,False,6816,96,1.1125945705384943,-29251,0.611336032388664,False,9,6751.285714285715,6664.285714285715,False
2024-12-18,168,285,210,6598,134,Original,False,False,False,6883,76,0.9829812206572752,-29175,0.638095238095238,False,9,6769.571428571428,6690.642857142857,False
2024-12-19,269,412,204,6600,238,Original,False,False,False,7012,-34,1.8741827691413526,-29209,1.1666666666666667,False,9,6809.285714285715,6720.571428571428,False
2024-12-20,0,412,0,6600,0,Imputed,False,False,False,7012,0,0.0,-29209,,False,9,6849.0,6750.5,False
2024-12-21,0,412,0,6600,0,Imputed,False,False,False,7012,0,0.0,-29209,,False,9,6888.714285714285,6780.428571428572,False
2024-12-22,100,255,236,6595,268,Original,False,False,False,6850,-32,-2.310325156873927,-29241,1.1355932203389831,False,9,6903.714285714285,6803.357142857143,False
2024-12-23,205,294,177,6548,231,Original,False,False,False,6842,-54,-0.11678832116788218,-29295,1.305084745762712,False,9,6918.142857142857,6821.857142857143,False
2024-12-24,161,304,211,6622,155,Original,False,False,False,6926,56,1.2277111955568465,-29239,0.7345971563981043,False,9,6933.857142857143,6842.571428571428,False
2024-12-25,57,162,193,6689,107,Original,True,False,True,6851,86,-1.082876118971987,-29153,0.5544041450777202,False,9,6929.285714285715,6849.428571428572,False
2024-12-26,80,122,152,6707,135,Original,True,False,True,6829,17,-0.3211210042329604,-29136,0.8881578947368421,False,9,6903.142857142857,6856.214285714285,False
2024-12-27,0,122,0,6707,0,Imputed,False,False,False,6829,0,0.0,-29136,,False,9,6877.0,6863.0,False
2024-12-28,0,122,0,6707,0,Imputed,False,False,False,6829,0,0.0,-29136,,False,9,6850.857142857143,6869.785714285715,False
2024-12-29,107,170,133,6465,216,Original,False,False,False,6635,-83,-2.8408258895885163,-29219,1.6240601503759398,False,9,6820.142857142857,6861.928571428572,False
2024-12-30,99,156,139,6454,177,Original,False,False,False,6610,-38,-0.37678975131876236,-29257,1.2733812949640289,False,9,6787.0,6852.571428571428,False
2024-12-31,0,156,0,6454,0,Imputed,False,False,False,6610,0,0.0,-29257,,False,9,6741.857142857143,6837.857142857143,False
2025-01-01,25,66,94,6405,144,Original,True,False,True,6471,-50,-2.1028744326777593,-29307,1.5319148936170213,False,9,6687.571428571428,6808.428571428572,False
2025-01-02,35,70,53,6292,170,Original,False,False,False,6362,-117,-1.6844382630196275,-29424,3.207547169811321,False,9,6620.857142857143,6762.0,False
2025-01-03,0,70,0,6292,0,Imputed,False,False,False,6362,0,0.0,-29424,,False,9,6554.142857142857,6715.571428571428,False
2025-01-04,0,70,0,6292,0,Imputed,False,False,False,6362,0,0.0,-29424,,False,9,6487.428571428572,6669.142857142857,False
2025-01-05,43,73,64,5882,185,Original,False,False,False,5955,-121,-6.397359320968254,-29545,2.890625,False,9,6390.285714285715,6605.214285714285,False
2025-01-06,41,60,71,5769,190,Original,True,False,True,5829,-119,-2.1158690176322437,-29664,2.676056338028169,False,9,6278.714285714285,6532.857142857143,False
2025-01-07,65,83,65,5703,133,Original,False,False,False,5786,-68,-0.7376908560645101,-29732,2.046153846153846,False,9,6161.0,6451.428571428572,False
2025-01-08,38,80,82,5605,184,Original,True,False,True,5685,-102,-1.7455928102315887,-29834,2.2439024390243905,False,9,6048.714285714285,6368.142857142857,False
2025-01-09,56,82,68,5507,164,Original,False,False,False,5589,-96,-1.6886543535620024,-29930,2.411764705882353,False,9,5938.285714285715,6279.571428571428,False
2025-01-10,0,82,0,5507,0,Imputed,False,False,False,5589,0,0.0,-29930,,False,9,5827.857142857143,6191.0,False
2025-01-11,0,82,0,5507,0,Imputed,False,False,False,5589,0,0.0,-29930,,False,9,5717.428571428572,6102.428571428572,False
2025-01-12,74,103,80,5092,235,Original,False,False,False,5195,-155,-7.049561638933621,-30085,2.9375,False,9,5608.857142857143,5999.571428571428,False
2025-01-13,68,107,102,5019,181,Original,False,False,False,5126,-79,-1.3282001924927789,-30164,1.7745098039215685,False,9,5508.428571428572,5893.571428571428,False
2025-01-14,92,124,93,4957,139,Original,False,False,False,5081,-46,-0.877877487319545,-30210,1.4946236559139785,False,9,5407.714285714285,5784.357142857143,False
2025-01-15,113,162,107,4903,164,Original,False,False,False,5065,-57,-0.3148986419996058,-30267,1.5327102803738317,False,9,5319.142857142857,5683.928571428572,False
2025-01-16,106,196,131,4881,159,Original,False,False,False,5077,-28,0.23692003948667661,-30295,1.213740458015267,False,9,5246.0,5592.142857142857,False
2025-01-17,0,196,0,4881,0,Imputed,False,False,False,5077,0,0.0,-30295,,False,9,5172.857142857143,5500.357142857143,False
2025-01-18,0,196,0,4881,0,Imputed,False,False,False,5077,0,0.0,-30295,,False,9,5099.714285714285,5408.571428571428,False
2025-01-19,86,152,168,4628,176,Original,True,False,True,4780,-8,-5.849911364979321,-30303,1.0476190476190477,False,9,5040.428571428572,5324.642857142857,False
2025-01-20,84,118,136,4638,127,Original,True,False,True,4756,9,-0.5020920502092019,-30294,0.9338235294117647,False,9,4987.571428571428,5248.0,False
2025-01-21,59,64,117,4728,54,Original,True,False,True,4792,63,0.7569386038688064,-30231,0.46153846153846156,False,9,4946.285714285715,5177.0,False
2025-01-22,62,97,52,4717,83,Original,False,False,False,4814,-31,0.45909849749583564,-30262,1.5961538461538463,False,9,4910.428571428572,5114.785714285715,False
2025-01-23,91,75,97,4621,174,Original,True,False,True,4696,-77,-2.451184046530952,-30339,1.7938144329896908,False,9,4856.0,5051.0,False
2025-01-24,0,75,0,4621,0,Imputed,False,False,False,4696,0,0.0,-30339,,False,9,4801.571428571428,4987.214285714285,False
2025-01-25,0,75,0,4621,0,Imputed,False,False,False,4696,0,0.0,-30339,,False,9,4747.142857142857,4923.428571428572,False
2025-01-26,29,51,11,4241,182,Original,False,False,False,4292,-171,-8.603066439523,-30510,16.545454545454547,False,9,4677.428571428572,4858.928571428572,False
2025-01-27,33,53,34,4161,127,Original,False,False,False,4214,-93,-1.817334575955265,-30603,3.735294117647059,False,9,4600.0,4793.785714285715,False
2025-01-28,32,49,39,4096,101,Original,False,False,False,4145,-62,-1.6373991457047987,-30665,2.58974358974359,False,9,4507.571428571428,4726.928571428572,False
2025-01-29,32,50,39,4036,99,Original,False,False,False,4086,-60,-1.423401688781667,-30725,2.5384615384615383,False,9,4403.571428571428,4657.0,False
2025-01-30,47,42,47,3923,159,Original,True,False,True,3965,-112,-2.961331375428289,-30837,3.382978723404255,False,9,4299.142857142857,4577.571428571428,False
2025-01-31,0,42,0,3923,0,Imputed,False,False,False,3965,0,0.0,-30837,,False,9,4194.714285714285,4498.142857142857,False
2025-02-01,0,42,0,3923,0,Imputed,False,False,False,3965,0,0.0,-30837,,False,9,4090.285714285714,4418.714285714285,False
2025-02-02,20,22,41,3483,168,Original,True,False,True,3505,-127,-11.601513240857509,-30964,4.097560975609756,False,9,3977.8571428571427,4327.642857142857,False
2025-02-03,23,45,11,3403,102,Original,False,False,False,3448,-91,-1.6262482168330927,-31055,9.272727272727273,False,9,3868.4285714285716,4234.214285714285,False
2025-02-04,34,54,29,3359,74,Original,False,False,False,3413,-45,-1.0150812064965153,-31100,2.5517241379310347,False,9,3763.8571428571427,4135.714285714285,False
2025-02-05,26,36,36,3290,104,Original,False,False,False,3326,-68,-2.5490770583064704,-31168,2.888888888888889,False,9,3655.285714285714,4029.4285714285716,False
2025-02-06,25,32,27,3181,145,Original,False,False,False,3213,-118,-3.397474443776305,-31286,5.37037037037037,False,9,3547.8571428571427,3923.5,False
2025-02-07,0,32,0,3181,0,Imputed,False,False,False,3213,0,0.0,-31286,,False,9,3440.4285714285716,3817.5714285714284,False
2025-02-08,0,32,0,3181,0,Imputed,False,False,False,3213,0,0.0,-31286,,False,9,3333.0,3711.6428571428573,False
2025-02-09,15,13,23,2878,99,Original,True,False,True,2891,-76,-10.02178649237473,-31362,4.304347826086956,False,9,3245.285714285714,3611.5714285714284,False
2025-02-10,16,18,15,2834,63,Original,False,False,False,2852,-48,-1.3490141819439638,-31410,4.2,False,9,3160.1428571428573,3514.285714285714,False
2025-02-11,11,22,12,2799,50,Original,False,False,False,2821,-38,-1.0869565217391353,-31448,4.166666666666667,False,9,3075.5714285714284,3419.714285714286,False
2025-02-12,16,20,20,2752,66,Original,False,False,False,2772,-46,-1.7369727047146455,-31494,3.3,False,9,2996.4285714285716,3325.8571428571427,False
2025-02-13,15,10,23,2703,72,Original,True,False,True,2713,-49,-2.128427128427124,-31543,3.130434782608696,False,9,2925.0,3236.4285714285716,False
2025-02-14,0,10,0,2703,0,Imputed,False,False,False,2713,0,0.0,-31543,,False,9,2853.5714285714284,3147.0,False
2025-02-15,0,10,0,2703,0,Imputed,False,False,False,2713,0,0.0,-31543,,False,9,2782.1428571428573,3057.5714285714284,False
2025-02-16,0,10,0,2703,0,Imputed,False,False,False,2713,0,0.0,-31543,,False,9,2756.714285714286,3001.0,False
2025-02-17,8,17,14,2532,15,Original,False,False,False,2549,-1,-6.044968669369699,-31544,1.0714285714285714,False,9,2713.4285714285716,2936.785714285714,False
2025-02-18,18,19,11,2536,9,Original,False,False,False,2555,2,0.23538642604943316,-31542,0.8181818181818182,False,9,2675.4285714285716,2875.5,False
2025-02-19,12,17,17,2528,19,Original,False,False,False,2545,-2,-0.3913894324853229,-31544,1.1176470588235294,False,9,2643.0,2819.714285714286,False
2025-02-20,13,25,15,2520,32,Original,False,False,False,2545,-17,0.0,-31561,2.1333333333333333,False,9,2619.0,2772.0,False
2025-02-21,0,25,0,2520,0,Imputed,False,False,False,2545,0,0.0,-31561,,False,9,2595.0,2724.285714285714,False
2025-02-22,0,25,0,2520,0,Imputed,False,False,False,2545,0,0.0,-31561,,False,9,2571.0,2676.5714285714284,False
2025-02-23,7,16,8,2423,35,Original,False,False,False,2439,-27,-4.165029469548132,-31588,4.375,False,9,2531.8571428571427,2644.285714285714,False
2025-02-24,20,22,14,2413,24,Original,False,False,False,2435,-10,-0.16400164001639794,-31598,1.7142857142857142,False,9,2515.5714285714284,2614.5,False
2025-02-25,11,7,7,2413,23,Original,False,False,False,2420,-16,-0.6160164271047264,-31614,3.2857142857142856,False,9,2496.285714285714,2585.8571428571427,False
2025-02-26,12,21,1,2411,23,Original,False,False,False,2432,-22,0.49586776859504855,-31636,23.0,False,9,2480.1428571428573,2561.5714285714284,False
2025-02-27,10,15,17,2391,37,Original,True,False,True,2406,-20,-1.0690789473684181,-31656,2.176470588235294,False,9,2460.285714285714,2539.6428571428573,False
2025-02-28,0,15,0,2391,0,Imputed,False,False,False,2406,0,0.0,-31656,,False,9,2440.4285714285716,2517.714285714286,False
2025-03-01,0,15,0,2391,0,Imputed,False,False,False,2406,0,0.0,-31656,,False,9,2420.5714285714284,2495.785714285714,False
2025-03-02,12,24,4,2297,31,Original,False,False,False,2321,-27,-3.5328345802161265,-31683,7.75,False,9,2403.714285714286,2467.785714285714,False
2025-03-03,8,29,18,2287,25,Original,False,False,False,2316,-7,-0.21542438604049696,-31690,1.3888888888888888,False,9,2386.714285714286,2451.1428571428573,False
2025-03-04,4,25,10,2272,30,Original,False,False,False,2297,-20,-0.8203799654576849,-31710,3.0,False,9,2369.1428571428573,2432.714285714286,False
2025-03-05,5,20,4,2238,40,Original,False,False,False,2258,-36,-1.6978667827601268,-31746,10.0,False,9,2344.285714285714,2412.214285714286,False
2025-03-06,7,27,6,2218,33,Original,False,False,False,2245,-27,-0.5757307351638596,-31773,5.5,False,9,2321.285714285714,2390.785714285714,False
2025-03-07,0,27,0,2218,0,Imputed,False,False,False,2245,0,0.0,-31773,,False,9,2298.285714285714,2369.3571428571427,False
2025-03-08,0,27,0,2218,0,Imputed,False,False,False,2245,0,0.0,-31773,,False,9,2275.285714285714,2347.9285714285716,False
2025-03-09,12,25,15,2137,30,Original,False,False,False,2162,-15,-3.697104677060137,-31788,2.0,False,9,2252.5714285714284,2328.1428571428573,False
2025-03-10,6,28,8,2125,23,Original,False,False,False,2153,-15,-0.4162812210915856,-31803,2.875,False,9,2229.285714285714,2308.0,False
2025-03-11,3,11,7,2116,20,Original,False,False,False,2127,-13,-1.207617278216444,-31816,2.857142857142857,False,9,2205.0,2287.0714285714284,False
2025-03-12,6,18,2,2113,8,Original,False,False,False,2131,-6,0.18805829807240215,-31822,4.0,False,9,2186.8571428571427,2265.5714285714284,False
2025-03-13,4,20,9,2116,6,Original,False,False,False,2136,3,0.2346316283434957,-31819,0.6666666666666666,False,9,2171.285714285714,2246.285714285714,False
2025-03-14,0,20,0,2116,0,Imputed,False,False,False,2136,0,0.0,-31819,,False,9,2155.714285714286,2227.0,False
2025-03-15,0,20,0,2116,0,Imputed,False,False,False,2136,0,0.0,-31819,,False,9,2140.1428571428573,2207.714285714286,False
2025-03-16,1,9,8,2117,5,Original,False,False,False,2126,3,-0.46816479400748623,-31816,0.625,False,9,2135.0,2193.785714285714,False
2025-03-17,5,14,0,2111,8,Original,False,False,False,2125,-8,-0.04703668861711918,-31824,inf,False,9,2131.0,2180.1428571428573,False
2025-03-18,19,34,6,2109,8,Original,False,False,False,2143,-2,0.8470588235294008,-31826,1.3333333333333333,False,9,2133.285714285714,2169.1428571428573,False
2025-03-19,6,22,14,2119,9,Original,False,False,False,2141,5,-0.09332711152589823,-31821,0.6428571428571429,False,9,2134.714285714286,2160.785714285714,False
2025-03-20,9,20,11,2124,7,Original,False,False,False,2144,4,0.14012143858010973,-31817,0.6363636363636364,False,9,2135.8571428571427,2153.5714285714284,False
2025-03-21,0,20,0,2124,0,Imputed,False,False,False,2144,0,0.0,-31817,,False,9,2137.0,2146.3571428571427,False
2025-03-22,0,20,0,2124,0,Imputed,False,False,False,2144,0,0.0,-31817,,False,9,2138.1428571428573,2139.1428571428573,False
2025-03-23,15,29,9,2136,2,Original,False,False,False,2165,7,0.9794776119403048,-31810,0.2222222222222222,False,9,2143.714285714286,2139.3571428571427,False
2025-03-24,7,13,11,2139,7,Original,False,False,False,2152,4,-0.6004618937644368,-31806,0.6363636363636364,False,9,2147.5714285714284,2139.285714285714,False
2025-03-25,12,19,7,2145,6,Original,False,False,False,2164,1,0.5576208178438735,-31805,0.8571428571428571,False,9,2150.5714285714284,2141.9285714285716,False
2025-03-26,9,21,15,2159,2,Original,False,False,False,2180,13,0.7393715341959428,-31792,0.13333333333333333,False,9,2156.1428571428573,2145.4285714285716,False
2025-03-27,1,19,13,2159,2,Original,False,False,False,2178,11,-0.09174311926605228,-31781,0.15384615384615385,False,9,2161.0,2148.4285714285716,False
2025-03-28,0,19,0,2159,0,Imputed,False,False,False,2178,0,0.0,-31781,,False,9,2165.8571428571427,2151.4285714285716,False
2025-03-29,0,19,0,2159,0,Imputed,False,False,False,2178,0,0.0,-31781,,False,9,2170.714285714286,2154.4285714285716,False
2025-03-30,9,20,5,2188,2,Original,False,False,False,2208,3,1.377410468319562,-31778,0.4,False,9,2176.8571428571427,2160.285714285714,False
2025-03-31,9,25,8,2193,5,Original,False,False,False,2218,3,0.45289855072463414,-31775,0.625,False,9,2186.285714285714,2166.9285714285716,False
2025-04-01,17,36,7,2191,12,Original,False,False,False,2227,-5,0.4057709648331853,-31780,1.7142857142857142,False,9,2195.285714285714,2172.9285714285716,False
2025-04-02,5,31,16,2208,3,Original,False,False,False,2239,13,0.5388414907947947,-31767,0.1875,False,9,2203.714285714286,2179.9285714285716,False
2025-04-03,12,26,18,2223,8,Original,False,False,False,2249,10,0.44662795891021734,-31757,0.4444444444444444,False,9,2213.8571428571427,2187.4285714285716,False
2025-04-04,0,26,0,2223,0,Imputed,False,False,False,2249,0,0.0,-31757,,False,9,2224.0,2194.9285714285716,False
2025-04-05,0,26,0,2223,0,Imputed,False,False,False,2249,0,0.0,-31757,,False,9,2234.1428571428573,2202.4285714285716,False
2025-04-06,7,14,7,2234,11,Original,False,False,False,2248,-4,-0.04446420631392112,-31761,1.5714285714285714,False,9,2239.8571428571427,2208.3571428571427,False
2025-04-07,12,22,9,2237,5,Original,False,False,False,2259,4,0.48932384341637825,-31757,0.5555555555555556,False,9,2245.714285714286,2216.0,False
2025-04-08,12,34,12,2243,9,Original,False,False,False,2277,3,0.7968127490039834,-31754,0.75,False,9,2252.8571428571427,2224.0714285714284,False
2025-04-09,6,19,10,2251,5,Original,False,False,False,2270,5,-0.30742204655248573,-31749,0.5,False,9,2257.285714285714,2230.5,False
2025-04-10,18,25,17,2265,6,Original,False,False,False,2290,11,0.8810572687224738,-31738,0.35294117647058826,False,9,2263.1428571428573,2238.5,False
2025-04-11,8,22,8,2267,9,Original,False,False,False,2289,-1,-0.04366812227074579,-31739,1.125,False,9,2268.8571428571427,2246.4285714285716,False
2025-04-12,0,22,0,2267,0,Imputed,False,False,False,2289,0,0.0,-31739,,False,9,2274.5714285714284,2254.3571428571427,False
2025-04-13,5,26,10,2283,3,Original,False,False,False,2309,7,0.8737439930100566,-31732,0.3,False,9,2283.285714285714,2261.5714285714284,False
2025-04-14,5,26,9,2282,13,Original,False,False,False,2308,-4,-0.04330879168471524,-31736,1.4444444444444444,False,9,2290.285714285714,2268.0,False
2025-04-15,4,19,12,2286,7,Original,False,False,False,2305,5,-0.12998266897746857,-31731,0.5833333333333334,False,9,2294.285714285714,2273.5714285714284,False
2025-04-16,11,30,5,2291,8,Original,False,False,False,2321,-3,0.694143167028205,-31734,1.6,False,9,2301.5714285714284,2279.4285714285716,False
2025-04-17,7,26,10,2288,14,Original,False,False,False,2314,-4,-0.30159414045669575,-31738,1.4,False,9,2305.0,2284.0714285714284,False
2025-04-18,0,26,0,2288,0,Imputed,False,False,False,2314,0,0.0,-31738,,False,9,2308.5714285714284,2288.714285714286,False
2025-04-19,0,26,0,2288,0,Imputed,False,False,False,2314,0,0.0,-31738,,False,9,2312.1428571428573,2293.3571428571427,False
2025-04-20,4,15,6,2305,4,Original,False,False,False,2320,2,0.2592912705272177,-31736,0.6666666666666666,False,9,2313.714285714286,2298.5,False
2025-04-21,10,25,5,2308,6,Original,False,False,False,2333,-1,0.5603448275862011,-31737,1.2,False,9,2317.285714285714,2303.785714285714,False
2025-04-22,7,19,14,2305,17,Original,False,False,False,2324,-3,-0.385769395627944,-31740,1.2142857142857142,False,9,2320.0,2307.1428571428573,False
2025-04-23,3,23,4,2300,11,Original,False,False,False,2323,-7,-0.0430292598967319,-31747,2.75,False,9,2320.285714285714,2310.9285714285716,False
2025-04-24,3,9,7,2294,13,Original,False,False,False,2303,-6,-0.860955660783469,-31753,1.8571428571428572,False,9,2318.714285714286,2311.8571428571427,False
2025-04-25,0,9,0,2294,0,Imputed,False,False,False,2303,0,0.0,-31753,,False,9,2317.1428571428573,2312.8571428571427,False
2025-04-26,0,9,0,2294,0,Imputed,False,False,False,2303,0,0.0,-31753,,False,9,2315.5714285714284,2313.8571428571427,False
2025-04-27,9,40,12,2301,4,Original,False,False,False,2341,8,1.6500217108119886,-31745,0.3333333333333333,False,9,2318.5714285714284,2316.1428571428573,False
2025-04-28,6,26,12,2307,8,Original,False,False,False,2333,4,-0.34173430158052076,-31741,0.6666666666666666,False,9,2318.5714285714284,2317.9285714285716,False
2025-04-29,11,25,11,2304,15,Original,False,False,False,2329,-4,-0.17145306472353683,-31745,1.3636363636363635,False,9,2319.285714285714,2319.6428571428573,False
2025-04-30,7,34,9,2309,12,Original,False,False,False,2343,-3,0.6011163589523472,-31748,1.3333333333333333,False,9,2322.1428571428573,2321.214285714286,False
2025-05-01,13,32,14,2306,16,Original,False,False,False,2338,-2,-0.21340162185232714,-31750,1.1428571428571428,False,9,2327.1428571428573,2322.9285714285716,False
2025-05-02,0,32,0,2306,0,Imputed,False,False,False,2338,0,0.0,-31750,,False,9,2332.1428571428573,2324.6428571428573,False
2025-05-03,0,32,0,2306,0,Imputed,False,False,False,2338,0,0.0,-31750,,False,9,2337.1428571428573,2326.3571428571427,False
2025-05-04,9,31,10,2335,5,Original,False,False,False,2366,5,1.1976047904191711,-31745,0.5,False,9,2340.714285714286,2329.6428571428573,False
2025-05-05,15,44,20,2331,17,Original,False,False,False,2375,3,0.3803888419273038,-31742,0.85,False,9,2346.714285714286,2332.6428571428573,False
2025-05-06,10,33,16,2339,16,Original,False,False,False,2372,0,-0.1263157894736855,-31742,1.0,False,9,2352.8571428571427,2336.0714285714284,False
2025-05-07,10,30,15,2335,10,Original,False,False,False,2365,5,-0.295109612141653,-31737,0.6666666666666666,False,9,2356.0,2339.0714285714284,False
2025-05-08,15,24,16,2361,11,Original,False,False,False,2385,5,0.8456659619450413,-31732,0.6875,False,9,2362.714285714286,2344.9285714285716,False
2025-05-09,0,24,0,2361,0,Imputed,False,False,False,2385,0,0.0,-31732,,False,9,2369.4285714285716,2350.785714285714,False
2025-05-10,0,24,0,2361,0,Imputed,False,False,False,2385,0,0.0,-31732,,False,9,2376.1428571428573,2356.6428571428573,False
2025-05-11,15,20,12,2385,3,Original,False,False,False,2405,9,0.8385744234800763,-31723,0.25,False,9,2381.714285714286,2361.214285714286,False
2025-05-12,7,33,14,2392,7,Original,False,False,False,2425,7,0.8316008316008316,-31716,0.5,False,9,2388.8571428571427,2367.785714285714,False
2025-05-13,18,29,12,2394,11,Original,False,False,False,2423,1,-0.08247422680411898,-31715,0.9166666666666666,False,9,2396.1428571428573,2374.5,False
2025-05-14,7,30,14,2394,11,Original,False,False,False,2424,3,0.04127115146512761,-31712,0.7857142857142857,False,9,2404.5714285714284,2380.285714285714,False
2025-05-15,15,31,14,2410,14,Original,False,False,False,2441,0,0.7013201320132056,-31712,1.0,False,9,2412.5714285714284,2387.6428571428573,False
2025-05-16,0,31,0,2410,0,Imputed,False,False,False,2441,0,0.0,-31712,,False,9,2420.5714285714284,2395.0,False
2025-05-17,0,31,0,2410,0,Imputed,False,False,False,2441,0,0.0,-31712,,False,9,2428.5714285714284,2402.3571428571427,False
2025-05-18,13,28,14,2437,9,Original,False,False,False,2465,5,0.9832036050798854,-31707,0.6428571428571429,False,9,2437.1428571428573,2409.4285714285716,False
2025-05-19,7,27,17,2457,6,Original,False,False,False,2484,11,0.7707910750507141,-31696,0.35294117647058826,False,9,2445.5714285714284,2417.214285714286,False
2025-05-20,0,27,0,2457,0,Imputed,False,False,False,2484,0,0.0,-31696,,False,9,2454.285714285714,2425.214285714286,False
2025-05-21,14,62,13,2467,18,Original,False,False,False,2529,-5,1.8115942028985588,-31701,1.3846153846153846,False,9,2469.285714285714,2436.9285714285716,False
2025-05-22,18,36,17,2473,15,Original,False,False,False,2509,2,-0.7908264136022192,-31699,0.8823529411764706,False,9,2479.0,2445.785714285714,False
2025-05-23,0,36,0,2473,0,Imputed,False,False,False,2509,0,0.0,-31699,,False,9,2488.714285714286,2454.6428571428573,False
2025-05-24,0,36,0,2473,0,Imputed,False,False,False,2509,0,0.0,-31699,,False,9,2498.4285714285716,2463.5,False
2025-05-25,0,36,0,2473,0,Imputed,False,False,False,2509,0,0.0,-31699,,False,9,2504.714285714286,2470.9285714285716,False
2025-05-26,0,36,0,2473,0,Imputed,False,False,False,2509,0,0.0,-31699,,False,9,2508.285714285714,2476.9285714285716,False
2025-05-27,6,24,7,2504,11,Original,False,False,False,2528,-4,0.757273814268622,-31703,1.5714285714285714,False,9,2514.5714285714284,2484.4285714285716,False
2025-05-28,12,39,12,2499,14,Original,False,False,False,2538,-2,0.39556962025315556,-31705,1.1666666666666667,False,9,2515.8571428571427,2492.5714285714284,False
2025-05-29,13,38,15,2506,11,Original,False,False,False,2544,4,0.23640661938533203,-31701,0.7333333333333333,False,9,2520.8571428571427,2499.9285714285716,False
2025-05-30,0,38,0,2506,0,Imputed,False,False,False,2544,0,0.0,-31701,,False,9,2525.8571428571427,2507.285714285714,False
2025-05-31,0,38,0,2506,0,Imputed,False,False,False,2544,0,0.0,-31701,,False,9,2530.8571428571427,2514.6428571428573,False
2025-06-01,8,24,16,2528,12,Original,False,False,False,2552,4,0.3144654088050425,-31697,0.75,False,9,2537.0,2520.8571428571427,False
2025-06-02,10,19,5,2518,16,Original,False,False,False,2537,-11,-0.5877742946708508,-31708,3.2,False,9,2541.0,2524.6428571428573,False
2025-06-03,5,23,11,2519,15,Original,False,False,False,2542,-4,0.19708316909736734,-31712,1.3636363636363635,False,9,2543.0,2528.785714285714,False
2025-06-04,4,16,9,2516,16,Original,False,False,False,2532,-7,-0.3933910306844979,-31719,1.7777777777777777,False,9,2542.1428571428573,2529.0,False
2025-06-05,8,26,5,2503,21,Original,False,False,False,2529,-16,-0.11848341232227888,-31735,4.2,False,9,2540.0,2530.4285714285716,False
2025-06-06,0,26,0,2503,0,Imputed,False,False,False,2529,0,0.0,-31735,,False,9,2537.8571428571427,2531.8571428571427,False
2025-06-07,0,26,0,2503,0,Imputed,False,False,False,2529,0,0.0,-31735,,False,9,2535.714285714286,2533.285714285714,False
2025-06-08,10,16,15,2507,13,Original,False,False,False,2523,2,-0.23724792408066353,-31733,0.8666666666666667,False,9,2531.5714285714284,2534.285714285714,False
2025-06-09,8,21,14,2516,9,Original,False,False,False,2537,5,0.5548949663099378,-31728,0.6428571428571429,False,9,2531.5714285714284,2536.285714285714,False
2025-06-10,17,28,7,2511,12,Original,False,False,False,2539,-5,0.07883326763893361,-31733,1.7142857142857142,False,9,2531.1428571428573,2537.0714285714284,False
2025-06-11,0,28,0,2511,0,Imputed,False,False,False,2539,0,0.0,-31733,,False,9,2532.1428571428573,2537.1428571428573,False
2025-06-12,0,28,0,2511,0,Imputed,False,False,False,2539,0,0.0,-31733,,False,9,2533.5714285714284,2536.785714285714,False
2025-06-13,0,28,0,2511,0,Imputed,False,False,False,2539,0,0.0,-31733,,False,9,2535.0,2536.4285714285716,False
2025-06-14,0,28,0,2511,0,Imputed,False,False,False,2539,0,0.0,-31733,,False,9,2536.4285714285716,2536.0714285714284,False
2025-06-15,0,28,0,2511,0,Imputed,False,False,False,2539,0,0.0,-31733,,False,9,2538.714285714286,2535.1428571428573,False
2025-06-16,0,28,0,2511,0,Imputed,False,False,False,2539,0,0.0,-31733,,False,9,2539.0,2535.285714285714,False
2025-06-17,7,24,10,2523,14,Original,False,False,False,2547,-4,0.3150846790074935,-31737,1.4,False,9,2540.1428571428573,2535.6428571428573,False
2025-06-18,0,24,0,2523,0,Imputed,False,False,False,2547,0,0.0,-31737,,False,9,2541.285714285714,2536.714285714286,False
2025-06-19,8,19,7,2501,18,Original,False,False,False,2520,-11,-1.0600706713780883,-31748,2.5714285714285716,False,9,2538.5714285714284,2536.0714285714284,False
2025-06-20,0,19,0,2501,0,Imputed,False,False,False,2520,0,0.0,-31748,,False,9,2535.8571428571427,2535.4285714285716,False
2025-06-21,0,19,0,2501,0,Imputed,False,False,False,2520,0,0.0,-31748,,False,9,2533.1428571428573,2534.785714285714,False
2025-06-22,7,13,5,2508,7,Original,False,False,False,2521,-2,0.03968253968253954,-31750,1.4,False,9,2530.5714285714284,2534.6428571428573,False
2025-06-23,3,15,5,2495,17,Original,False,False,False,2510,-12,-0.4363347877826218,-31762,3.4,False,9,2526.4285714285716,2532.714285714286,False
2025-06-24,5,20,5,2489,16,Original,False,False,False,2509,-11,-0.03984063745019473,-31773,3.2,False,9,2521.0,2530.5714285714284,False
2025-06-25,6,12,2,2470,24,Original,False,False,False,2482,-22,-1.0761259465922657,-31795,12.0,False,9,2511.714285714286,2526.5,False
2025-06-26,3,9,7,2447,35,Original,False,False,False,2456,-28,-1.0475423045930743,-31823,5.0,False,9,2502.5714285714284,2520.5714285714284,False
2025-06-27,0,9,0,2447,0,Imputed,False,False,False,2456,0,0.0,-31823,,False,9,2493.4285714285716,2514.6428571428573,False
2025-06-28,0,9,0,2447,0,Imputed,False,False,False,2456,0,0.0,-31823,,False,9,2484.285714285714,2508.714285714286,False
2025-06-29,5,17,7,2413,20,Original,False,False,False,2430,-13,-1.0586319218241047,-31836,2.857142857142857,False,9,2471.285714285714,2500.9285714285716,False
2025-06-30,9,22,8,2407,16,Original,False,False,False,2429,-8,-0.04115226337448874,-31844,2.0,False,9,2459.714285714286,2493.0714285714284,False
2025-07-01,7,14,6,2391,22,Original,False,False,False,2405,-16,-0.9880609304240395,-31860,3.6666666666666665,False,9,2444.8571428571427,2482.9285714285716,False
2025-07-02,8,20,9,2373,38,Original,False,False,False,2393,-29,-0.498960498960499,-31889,4.222222222222222,False,9,2432.1428571428573,2471.9285714285716,False
2025-07-03,0,20,0,2373,0,Imputed,False,False,False,2393,0,0.0,-31889,,False,9,2423.1428571428573,2462.8571428571427,False
2025-07-04,0,20,0,2373,0,Imputed,False,False,False,2393,0,0.0,-31889,,False,9,2414.1428571428573,2453.785714285714,False
2025-07-05,0,20,0,2373,0,Imputed,False,False,False,2393,0,0.0,-31889,,False,9,2405.1428571428573,2444.714285714286,False
2025-07-06,4,17,2,2332,8,Original,False,False,False,2349,-6,-1.8386961972419513,-31895,4.0,False,9,2393.5714285714284,2432.4285714285716,False
2025-07-07,3,18,8,2317,20,Original,False,False,False,2335,-12,-0.5959982971477262,-31907,2.5,False,9,2380.1428571428573,2419.9285714285716,False
2025-07-08,5,16,8,2306,20,Original,False,False,False,2322,-12,-0.5567451820128522,-31919,2.5,False,9,2368.285714285714,2406.5714285714284,False
2025-07-09,2,18,0,2281,32,Original,False,False,False,2299,-32,-0.9905254091300608,-31951,inf,False,9,2354.8571428571427,2393.5,False
2025-07-10,2,12,3,2252,39,Original,False,False,False,2264,-36,-1.5224010439321423,-31987,13.0,False,9,2336.4285714285716,2379.785714285714,False
2025-07-11,0,12,0,2252,0,Imputed,False,False,False,2264,0,0.0,-31987,,False,9,2318.0,2366.0714285714284,False
2025-07-12,0,12,0,2252,0,Imputed,False,False,False,2264,0,0.0,-31987,,False,9,2299.5714285714284,2352.3571428571427,False
2025-07-13,1,13,4,2204,10,Original,False,False,False,2217,-6,-2.075971731448767,-31993,2.5,False,9,2280.714285714286,2337.1428571428573,False
2025-07-14,2,9,1,2181,26,Original,False,False,False,2190,-25,-1.2178619756427644,-32018,26.0,False,9,2260.0,2320.0714285714284,False
2025-07-15,0,8,5,2171,17,Original,False,False,False,2179,-12,-0.5022831050228271,-32030,3.4,False,9,2239.5714285714284,2303.9285714285716,False
2025-07-16,1,9,0,2164,11,Original,False,False,False,2173,-11,-0.275355667737498,-32041,inf,False,9,2221.5714285714284,2288.214285714286,False
2025-07-17,3,16,2,2153,17,Original,False,False,False,2169,-15,-0.18407731247124248,-32056,8.5,False,9,2208.0,2272.214285714286,False
2025-07-18,0,16,0,2153,0,Imputed,False,False,False,2169,0,0.0,-32056,,False,9,2194.4285714285716,2256.214285714286,False
2025-07-19,0,16,0,2153,0,Imputed,False,False,False,2169,0,0.0,-32056,,False,9,2180.8571428571427,2240.214285714286,False
2025-07-20,0,16,0,2153,0,Imputed,False,False,False,2169,0,0.0,-32056,,False,9,2174.0,2227.3571428571427,False
2025-07-21,4,18,7,2121,16,Original,False,False,False,2139,-9,-1.3831258644536604,-32065,2.2857142857142856,False,9,2166.714285714286,2213.3571428571427,False
2025-07-22,5,13,3,2117,16,Original,False,False,False,2130,-13,-0.42075736325385416,-32078,5.333333333333333,False,9,2159.714285714286,2199.6428571428573,False
2025-07-23,6,21,5,2111,14,Original,False,False,False,2132,-9,0.09389671361501595,-32087,2.8,False,9,2153.8571428571427,2187.714285714286,False
2025-07-24,6,18,7,2096,29,Original,False,False,False,2114,-22,-0.8442776735459678,-32109,4.142857142857143,False,9,2146.0,2177.0,False
2025-07-25,0,18,0,2096,0,Imputed,False,False,False,2114,0,0.0,-32109,,False,9,2138.1428571428573,2166.285714285714,False
2025-07-26,0,18,0,2096,0,Imputed,False,False,False,2114,0,0.0,-32109,,False,9,2130.285714285714,2155.5714285714284,False
2025-07-27,1,12,2,2088,4,Original,False,False,False,2100,-2,-0.6622516556291425,-32111,2.0,False,9,2120.4285714285716,2147.214285714286,False
2025-07-28,2,9,3,2080,14,Original,False,False,False,2089,-11,-0.5238095238095264,-32122,4.666666666666667,False,9,2113.285714285714,2140.0,False
2025-07-29,2,8,3,2072,12,Original,False,False,False,2080,-9,-0.43082814743896636,-32131,4.0,False,9,2106.1428571428573,2132.9285714285716,False
2025-07-30,4,15,4,2063,16,Original,False,False,False,2078,-12,-0.09615384615384581,-32143,4.0,False,9,2098.4285714285716,2126.1428571428573,False
2025-07-31,2,9,6,2058,15,Original,False,False,False,2067,-9,-0.5293551491819093,-32152,2.5,False,9,2091.714285714286,2118.8571428571427,False
2025-08-01,0,9,0,2058,0,Imputed,False,False,False,2067,0,0.0,-32152,,False,9,2085.0,2111.5714285714284,False
2025-08-02,0,9,0,2058,0,Imputed,False,False,False,2067,0,0.0,-32152,,False,9,2078.285714285714,2104.285714285714,False
2025-08-03,5,26,3,2049,5,Original,False,False,False,2075,-2,0.38703434929849845,-32154,1.6666666666666667,False,9,2074.714285714286,2097.5714285714284,False
2025-08-04,5,22,11,2040,14,Original,False,False,False,2062,-3,-0.6265060240963849,-32157,1.2727272727272727,False,9,2070.8571428571427,2092.0714285714284,False
2025-08-05,2,21,10,2042,14,Original,False,False,False,2063,-4,0.04849660523762456,-32161,1.4,False,9,2068.4285714285716,2087.285714285714,False
2025-08-06,4,17,3,2036,13,Original,False,False,False,2053,-10,-0.4847309743092554,-32171,4.333333333333333,False,9,2064.8571428571427,2081.6428571428573,False
2025-08-07,4,18,6,2031,17,Original,False,False,False,2049,-11,-0.1948368241597609,-32182,2.8333333333333335,False,9,2062.285714285714,2077.0,False
2025-08-08,0,18,0,2031,0,Imputed,False,False,False,2049,0,0.0,-32182,,False,9,2059.714285714286,2072.3571428571427,False
2025-08-09,0,18,0,2031,0,Imputed,False,False,False,2049,0,0.0,-32182,,False,9,2057.1428571428573,2067.714285714286,False
2025-08-10,0,18,8,2006,12,Original,False,False,False,2024,-4,-1.2201073694485087,-32186,1.5,False,9,2049.8571428571427,2062.285714285714,False
2025-08-11,6,23,4,1999,16,Original,False,False,False,2022,-12,-0.09881422924901129,-32198,4.0,False,9,2044.142857142857,2057.5,False
2025-08-12,8,38,9,1999,9,Original,False,False,False,2037,0,0.7418397626112849,-32198,1.0,False,9,2040.4285714285713,2054.4285714285716,False
2025-08-13,6,22,12,1997,17,Original,False,False,False,2019,-5,-0.8836524300441795,-32203,1.4166666666666667,False,9,2035.5714285714287,2050.214285714286,False
2025-08-14,3,27,4,1994,11,Original,False,False,False,2021,-7,0.0990589400693409,-32210,2.75,False,9,2031.5714285714287,2046.9285714285713,False
2025-08-15,0,27,0,1994,0,Imputed,False,False,False,2021,0,0.0,-32210,,False,9,2027.5714285714287,2043.642857142857,False
2025-08-16,0,27,0,1994,0,Imputed,False,False,False,2021,0,0.0,-32210,,False,9,2023.5714285714287,2040.357142857143,False
2025-08-17,4,14,2,1991,3,Original,False,False,False,2005,-1,-0.7916872835230127,-32211,1.5,False,9,2020.857142857143,2035.357142857143,False
2025-08-18,4,20,6,1985,14,Original,False,False,False,2005,-8,0.0,-32219,2.3333333333333335,False,9,2018.4285714285713,2031.2857142857142,False
2025-08-19,5,35,3,1980,11,Original,False,False,False,2015,-8,0.4987531172069737,-32227,3.6666666666666665,False,9,2015.2857142857142,2027.857142857143,False
2025-08-20,10,38,10,1983,10,Original,False,False,False,2021,0,0.29776674937964653,-32227,1.0,False,9,2015.5714285714287,2025.5714285714287,False
2025-08-21,6,49,8,1972,21,Original,False,False,False,2021,-13,0.0,-32240,2.625,False,9,2015.5714285714287,2023.5714285714287,False
2025-08-22,0,49,0,1972,0,Imputed,False,False,False,2021,0,0.0,-32240,,False,9,2015.5714285714287,2021.5714285714287,False
2025-08-23,0,49,0,1972,0,Imputed,False,False,False,2021,0,0.0,-32240,,False,9,2015.5714285714287,2019.5714285714287,False
2025-08-24,4,21,5,1981,5,Original,False,False,False,2002,0,-0.9401286491835692,-32240,1.0,False,9,2015.142857142857,2018.0,False
2025-08-25,8,30,8,1980,11,Original,False,False,False,2010,-3,0.3996003996004083,-32243,1.375,False,9,2015.857142857143,2017.142857142857,False
2025-08-26,10,21,20,1989,15,Original,False,False,False,2010,5,0.0,-32238,0.75,False,9,2015.142857142857,2015.2142857142858,False
2025-08-27,5,19,9,1988,19,Original,False,False,False,2007,-10,-0.14925373134327957,-32248,2.111111111111111,False,9,2013.142857142857,2014.357142857143,False
2025-08-28,8,33,6,1984,17,Original,False,False,False,2017,-11,0.49825610363727346,-32259,2.8333333333333335,False,9,2012.5714285714287,2014.0714285714287,False
2025-08-29,0,33,0,1984,0,Imputed,False,False,False,2017,0,0.0,-32259,,False,9,2012.0,2013.7857142857142,False
2025-08-30,0,33,0,1984,0,Imputed,False,False,False,2017,0,0.0,-32259,,False,9,2011.4285714285713,2013.5,False
2025-08-31,0,33,0,1984,0,Imputed,False,False,False,2017,0,0.0,-32259,,False,9,2013.5714285714287,2014.357142857143,False
2025-09-01,10,29,17,2010,5,Original,False,False,False,2039,12,1.0907288051561714,-32247,0.29411764705882354,False,9,2017.7142857142858,2016.7857142857142,False
2025-09-02,6,35,9,2020,9,Original,False,False,False,2055,0,0.7846983815595898,-32247,1.0,False,9,2024.142857142857,2019.642857142857,False
2025-09-03,4,29,11,2019,10,Original,False,False,False,2048,1,-0.3406326034063212,-32246,0.9090909090909091,False,9,2030.0,2021.5714285714287,False
2025-09-04,11,40,2,2015,14,Original,False,False,False,2055,-12,0.341796875,-32258,7.0,False,9,2035.4285714285713,2024.0,False
2025-09-05,0,40,0,2015,0,Imputed,False,False,False,2055,0,0.0,-32258,,False,9,2040.857142857143,2026.4285714285713,False
2025-09-06,0,40,0,2015,0,Imputed,False,False,False,2055,0,0.0,-32258,,False,9,2046.2857142857142,2028.857142857143,False
2025-09-07,4,19,9,2026,7,Original,False,False,False,2045,2,-0.48661800486617945,-32256,0.7777777777777778,False,9,2050.285714285714,2031.9285714285713,False
2025-09-08,7,25,5,2025,6,Original,False,False,False,2050,-1,0.24449877750611915,-32257,1.2,False,9,2051.8571428571427,2034.7857142857142,False
2025-09-09,18,42,11,2023,14,Original,False,False,False,2065,-3,0.7317073170731714,-32260,1.2727272727272727,False,9,2053.285714285714,2038.7142857142858,False
2025-09-10,10,47,14,2025,18,Original,False,False,False,2072,-4,0.3389830508474523,-32264,1.2857142857142858,False,9,2056.714285714286,2043.357142857143,False
2025-09-11,12,38,29,2047,6,Original,False,False,False,2085,23,0.6274131274131234,-32241,0.20689655172413793,False,9,2061.0,2048.214285714286,False
2025-09-12,0,38,0,2047,0,Imputed,False,False,False,2085,0,0.0,-32241,,False,9,2065.285714285714,2053.0714285714284,False
2025-09-13,0,38,0,2047,0,Imputed,False,False,False,2085,0,0.0,-32241,,False,9,2069.5714285714284,2057.9285714285716,False
2025-09-14,7,39,13,2083,5,Original,False,False,False,2122,8,1.7745803357314127,-32233,0.38461538461538464,False,9,2080.5714285714284,2065.4285714285716,False
2025-09-15,9,47,10,2086,10,Original,False,False,False,2133,0,0.5183788878416529,-32233,1.0,False,9,2092.4285714285716,2072.1428571428573,False
2025-09-16,7,28,17,2095,12,Original,False,False,False,2123,5,-0.46882325363337696,-32228,0.7058823529411765,False,9,2100.714285714286,2077.0,False
2025-09-17,7,38,5,2096,13,Original,False,False,False,2134,-8,0.5181347150259086,-32236,2.6,False,9,2109.5714285714284,2083.1428571428573,False
2025-09-18,20,52,11,2096,14,Original,False,False,False,2148,-3,0.6560449859418949,-32239,1.2727272727272727,False,9,2118.5714285714284,2089.785714285714,False
2025-09-19,0,52,0,2096,0,Imputed,False,False,False,2148,0,0.0,-32239,,False,9,2127.5714285714284,2096.4285714285716,False
2025-09-20,0,52,0,2096,0,Imputed,False,False,False,2148,0,0.0,-32239,,False,9,2136.5714285714284,2103.0714285714284,False
2025-09-21,8,35,13,2134,5,Original,False,False,False,2169,8,0.9776536312849249,-32231,0.38461538461538464,False,9,2143.285714285714,2111.9285714285716,False
2025-09-22,17,40,14,2141,10,Original,False,False,False,2181,4,0.5532503457814641,-32227,0.7142857142857143,False,9,2150.1428571428573,2121.285714285714,False
2025-09-23,11,36,10,2145,15,Original,False,False,False,2181,-5,0.0,-32232,1.5,False,9,2158.4285714285716,2129.5714285714284,False
2025-09-24,3,38,12,2138,17,Original,False,False,False,2176,-5,-0.22925263640531934,-32237,1.4166666666666667,False,9,2164.4285714285716,2137.0,False
2025-09-25,6,35,12,2132,18,Original,False,False,False,2167,-6,-0.4136029411764719,-32243,1.5,False,9,2167.1428571428573,2142.8571428571427,False
2025-09-26,0,35,0,2132,0,Imputed,False,False,False,2167,0,0.0,-32243,,False,9,2169.8571428571427,2148.714285714286,False
2025-09-27,0,35,0,2132,0,Imputed,False,False,False,2167,0,0.0,-32243,,False,9,2172.5714285714284,2154.5714285714284,False
2025-09-28,11,29,12,2146,9,Original,False,False,False,2175,3,0.369173973234882,-32240,0.75,False,9,2173.4285714285716,2158.3571428571427,False
2025-09-29,8,35,12,2148,13,Original,False,False,False,2183,-1,0.36781609195402076,-32241,1.0833333333333333,False,9,2173.714285714286,2161.9285714285716,False
2025-09-30,8,32,12,2159,7,Original,False,False,False,2191,5,0.3664681630783262,-32236,0.5833333333333334,False,9,2175.1428571428573,2166.785714285714,False
2025-10-01,4,33,12,2163,14,Original,False,False,False,2196,-2,0.22820629849384932,-32238,1.1666666666666667,False,9,2178.0,2171.214285714286,False
2025-10-02,20,51,15,2164,16,Original,False,False,False,2215,-1,0.8652094717668479,-32239,1.0666666666666667,False,9,2184.8571428571427,2176.0,False
2025-10-03,0,51,0,2164,0,Imputed,False,False,False,2215,0,0.0,-32239,,False,9,2191.714285714286,2180.785714285714,False
2025-10-04,0,51,0,2164,0,Imputed,False,False,False,2215,0,0.0,-32239,,False,9,2198.5714285714284,2185.5714285714284,False
2025-10-05,8,28,13,2180,16,Original,False,False,False,2208,-3,-0.31602708803611934,-32242,1.2307692307692308,False,9,2203.285714285714,2188.3571428571427,False
2025-10-06,5,33,15,2187,10,Original,False,False,False,2220,5,0.5434782608695565,-32237,0.6666666666666666,False,9,2208.5714285714284,2191.1428571428573,False
2025-10-07,11,45,4,2189,10,Original,False,False,False,2234,-6,0.6306306306306242,-32243,2.5,False,9,2214.714285714286,2194.9285714285716,False
2025-10-08,8,49,15,2192,17,Original,False,False,False,2241,-2,0.3133393017009878,-32245,1.1333333333333333,False,9,2221.1428571428573,2199.5714285714284,False
2025-10-09,11,55,13,2192,12,Original,False,False,False,2247,1,0.2677376171352108,-32244,0.9230769230769231,False,9,2225.714285714286,2205.285714285714,False
2025-10-10,0,55,0,2192,0,Imputed,False,False,False,2247,0,0.0,-32244,,False,9,2230.285714285714,2211.0,False
2025-10-11,0,55,0,2192,0,Imputed,False,False,False,2247,0,0.0,-32244,,False,9,2234.8571428571427,2216.714285714286,False
2025-10-12,0,55,0,2192,0,Imputed,False,False,False,2247,0,0.0,-32244,,False,9,2240.4285714285716,2221.8571428571427,False
2025-10-13,8,24,7,2223,6,Original,False,False,False,2247,1,0.0,-32243,0.8571428571428571,False,9,2244.285714285714,2226.4285714285716,False
2025-10-14,7,30,16,2235,8,Original,False,False,False,2265,8,0.8010680907877266,-32235,0.5,False,9,2248.714285714286,2231.714285714286,False
2025-10-15,8,29,10,2225,15,Original,False,False,False,2254,-5,-0.4856512141280356,-32240,1.5,False,9,2250.5714285714284,2235.8571428571427,False
2025-10-16,9,33,15,2233,9,Original,False,False,False,2266,6,0.5323868677906018,-32234,0.6,False,9,2253.285714285714,2239.5,False
2025-10-17,0,33,0,2233,0,Imputed,False,False,False,2266,0,0.0,-32234,,False,9,2256.0,2243.1428571428573,False
2025-10-18,0,33,0,2233,0,Imputed,False,False,False,2266,0,0.0,-32234,,False,9,2258.714285714286,2246.785714285714,False
2025-10-19,9,34,17,2237,7,Original,False,False,False,2271,10,0.22065313327448433,-32224,0.4117647058823529,False,9,2262.1428571428573,2251.285714285714,False
2025-10-20,10,39,6,2243,7,Original,False,False,False,2282,-1,0.484368119771017,-32225,1.1666666666666667,False,9,2267.1428571428573,2255.714285714286,False
2025-10-21,13,39,17,2251,9,Original,False,False,False,2290,8,0.35056967572304476,-32217,0.5294117647058824,False,9,2270.714285714286,2259.714285714286,False
2025-10-22,12,42,13,2261,12,Original,False,False,False,2303,1,0.5676855895196509,-32216,0.9230769230769231,False,9,2277.714285714286,2264.1428571428573,False
2025-10-23,4,27,26,2266,18,Original,False,False,False,2293,8,-0.43421623968736833,-32208,0.6923076923076923,False,9,2281.5714285714284,2267.4285714285716,False
2025-10-24,0,27,0,2266,0,Imputed,False,False,False,2293,0,0.0,-32208,,False,9,2285.4285714285716,2270.714285714286,False
2025-10-25,0,27,0,2266,0,Imputed,False,False,False,2293,0,0.0,-32208,,False,9,2289.285714285714,2274.0,False
2025-10-26,4,35,12,2276,10,Original,False,False,False,2311,2,0.7849978194504947,-32206,0.8333333333333334,False,9,2295.0,2278.5714285714284,False
2025-10-27,2,31,8,2282,11,Original,False,False,False,2313,-3,0.08654262224145892,-32209,1.375,False,9,2299.4285714285716,2283.285714285714,False
2025-10-28,6,22,11,2286,6,Original,False,False,False,2308,5,-0.2161694768698652,-32204,0.5454545454545454,False,9,2302.0,2286.3571428571427,False
2025-10-29,6,25,4,2280,17,Original,False,False,False,2305,-13,-0.12998266897746857,-32217,4.25,False,9,2302.285714285714,2290.0,False
2025-10-30,3,17,14,2287,12,Original,False,False,False,2304,2,-0.04338394793925726,-32215,0.8571428571428571,False,9,2303.8571428571427,2292.714285714286,False
2025-10-31,0,17,0,2287,0,Imputed,False,False,False,2304,0,0.0,-32215,,False,9,2305.4285714285716,2295.4285714285716,False
2025-11-01,0,17,0,2287,0,Imputed,False,False,False,2304,0,0.0,-32215,,False,9,2307.0,2298.1428571428573,False
2025-11-02,5,21,10,2277,7,Original,False,False,False,2298,3,-0.26041666666666297,-32212,0.7,False,9,2305.1428571428573,2300.0714285714284,False
2025-11-03,3,28,5,2269,12,Original,False,False,False,2297,-7,-0.04351610095735259,-32219,2.4,False,9,2302.8571428571427,2301.1428571428573,False
2025-11-04,6,33,6,2270,8,Original,False,False,False,2303,-2,0.2612102742707956,-32221,1.3333333333333333,False,9,2302.1428571428573,2302.0714285714284,False
2025-11-05,8,41,8,2272,7,Original,False,False,False,2313,1,0.43421623968735723,-32220,0.875,False,9,2303.285714285714,2302.785714285714,False
2025-11-06,6,33,9,2264,19,Original,False,False,False,2297,-10,-0.6917423259835687,-32230,2.111111111111111,False,9,2302.285714285714,2303.0714285714284,False
2025-11-07,0,33,0,2264,0,Imputed,False,False,False,2297,0,0.0,-32230,,False,9,2301.285714285714,2303.3571428571427,False
2025-11-08,0,33,0,2264,0,Imputed,False,False,False,2297,0,0.0,-32230,,False,9,2300.285714285714,2303.6428571428573,False
2025-11-09,11,33,5,2294,4,Original,False,False,False,2327,1,1.3060513713539335,-32229,0.8,False,9,2304.4285714285716,2304.785714285714,False
2025-11-10,0,33,0,2294,0,Imputed,False,False,False,2327,0,0.0,-32229,,False,9,2308.714285714286,2305.785714285714,False
2025-11-11,11,39,12,2294,14,Original,False,False,False,2333,-2,0.25784271594326835,-32231,1.1666666666666667,False,9,2313.0,2307.5714285714284,False
2025-11-12,14,48,20,2302,7,Original,False,False,False,2350,13,0.7286755250750065,-32218,0.35,False,9,2318.285714285714,2310.785714285714,False
2025-11-13,6,26,16,2317,5,Original,False,False,False,2343,11,-0.29787234042553123,-32207,0.3125,False,9,2324.8571428571427,2313.5714285714284,False
2025-11-14,0,26,0,2317,0,Imputed,False,False,False,2343,0,0.0,-32207,,False,9,2331.4285714285716,2316.3571428571427,False
2025-11-15,0,26,0,2317,0,Imputed,False,False,False,2343,0,0.0,-32207,,False,9,2338.0,2319.1428571428573,False
2025-11-16,5,22,3,2340,5,Original,False,False,False,2362,-2,0.8109261630388387,-32209,1.6666666666666667,False,9,2343.0,2323.714285714286,False
2025-11-17,1,35,6,2343,8,Original,False,False,False,2378,-2,0.6773920406435208,-32211,1.3333333333333333,False,9,2350.285714285714,2329.5,False
2025-11-18,2,38,8,2345,12,Original,False,False,False,2383,-4,0.2102607232968845,-32215,1.5,False,9,2357.4285714285716,2335.214285714286,False
2025-11-19,7,32,3,2340,10,Original,False,False,False,2372,-7,-0.46160302140159093,-32222,3.3333333333333335,False,9,2360.5714285714284,2339.4285714285716,False
2025-11-20,18,57,8,2340,9,Original,False,False,False,2397,-1,1.0539629005059004,-32223,1.125,False,9,2368.285714285714,2346.5714285714284,False
2025-11-21,0,57,0,2340,0,Imputed,False,False,False,2397,0,0.0,-32223,,False,9,2376.0,2353.714285714286,False
2025-11-22,0,57,0,2340,0,Imputed,False,False,False,2397,0,0.0,-32223,,False,9,2383.714285714286,2360.8571428571427,False
2025-11-23,3,46,22,2375,1,Original,False,False,False,2421,21,1.001251564455563,-32202,0.045454545454545456,False,9,2392.1428571428573,2367.5714285714284,False
2025-11-24,9,40,9,2371,13,Original,False,False,False,2411,-4,-0.41305245766212195,-32206,1.4444444444444444,False,9,2396.8571428571427,2373.5714285714284,False
2025-11-25,6,47,14,2375,11,Original,False,False,False,2422,3,0.45624222314393226,-32203,0.7857142857142857,False,9,2402.4285714285716,2379.9285714285716,False
2025-11-26,0,47,0,2375,0,Imputed,False,False,False,2422,0,0.0,-32203,,False,9,2409.5714285714284,2385.0714285714284,False
2025-11-27,4,24,8,2389,7,Original,False,False,False,2413,1,-0.37159372419488523,-32202,0.875,False,9,2411.8571428571427,2390.0714285714284,False
2025-11-28,0,24,0,2389,0,Imputed,False,False,False,2413,0,0.0,-32202,,False,9,2414.1428571428573,2395.0714285714284,False
2025-11-29,0,24,0,2389,0,Imputed,False,False,False,2413,0,0.0,-32202,,False,9,2416.4285714285716,2400.0714285714284,False
2025-11-30,4,18,10,2415,0,Original,False,False,False,2433,10,0.8288437629506928,-32192,0.0,False,9,2418.1428571428573,2405.1428571428573,False
2025-12-01,4,26,4,2410,9,Original,False,False,False,2436,-5,0.12330456226881115,-32197,2.25,False,9,2421.714285714286,2409.285714285714,False
2025-12-02,7,34,6,2407,8,Original,False,False,False,2441,-2,0.20525451559934016,-32199,1.3333333333333333,False,9,2424.4285714285716,2413.4285714285716,False
2025-12-03,4,32,8,2419,7,Original,False,False,False,2451,1,0.4096681687832948,-32198,0.875,False,9,2428.5714285714284,2419.0714285714284,False
2025-12-04,16,39,7,2418,13,Original,False,False,False,2457,-6,0.244798041615657,-32204,1.8571428571428572,False,9,2434.8571428571427,2423.3571428571427,False
2025-12-05,0,39,0,2418,0,Imputed,False,False,False,2457,0,0.0,-32204,,False,9,2441.1428571428573,2427.6428571428573,False
2025-12-06,0,39,0,2418,0,Imputed,False,False,False,2457,0,0.0,-32204,,False,9,2447.4285714285716,2431.9285714285716,False
2025-12-07,4,24,13,2429,12,Original,False,False,False,2453,1,-0.16280016280015852,-32203,0.9230769230769231,False,9,2450.285714285714,2434.214285714286,False
2025-12-08,9,27,9,2440,4,Original,False,False,False,2467,5,0.570729718711771,-32198,0.4444444444444444,False,9,2454.714285714286,2438.214285714286,False
2025-12-09,4,30,7,2443,8,Original,False,False,False,2473,-1,0.2432103769760774,-32199,1.1428571428571428,False,9,2459.285714285714,2441.8571428571427,False
2025-12-10,10,54,5,2439,9,Original,False,False,False,2493,-4,0.8087343307723316,-32203,1.8,False,9,2465.285714285714,2446.9285714285716,False
2025-12-11,7,47,9,2437,10,Original,False,False,False,2484,-1,-0.3610108303249149,-32204,1.1111111111111112,False,9,2469.1428571428573,2452.0,False
2025-12-12,0,47,0,2437,0,Imputed,False,False,False,2484,0,0.0,-32204,,False,9,2473.0,2457.0714285714284,False
2025-12-13,0,47,0,2437,0,Imputed,False,False,False,2484,0,0.0,-32204,,False,9,2476.8571428571427,2462.1428571428573,False
2025-12-14,8,35,4,2462,8,Original,False,False,False,2497,-4,0.523349436392917,-32208,2.0,False,9,2483.1428571428573,2466.714285714286,False
2025-12-15,11,42,9,2470,7,Original,False,False,False,2512,2,0.6007208650380402,-32206,0.7777777777777778,False,9,2489.5714285714284,2472.1428571428573,False
2025-12-16,8,54,15,2468,9,Original,False,False,False,2522,6,0.398089171974525,-32200,0.6,False,9,2496.5714285714284,2477.9285714285716,False
2025-12-17,7,31,11,2481,10,Original,False,False,False,2512,1,-0.3965107057890549,-32199,0.9090909090909091,False,9,2499.285714285714,2482.285714285714,False
2025-12-18,11,50,6,2472,16,Original,False,False,False,2522,-10,0.398089171974525,-32209,2.6666666666666665,False,9,2504.714285714286,2486.9285714285716,False
2025-12-19,0,50,0,2472,0,Imputed,False,False,False,2522,0,0.0,-32209,,False,9,2510.1428571428573,2491.5714285714284,False
2025-12-20,0,50,0,2472,0,Imputed,False,False,False,2522,0,0.0,-32209,,False,9,2515.5714285714284,2496.214285714286,False
2025-12-21,6,18,11,2484,14,Original,False,False,False,2502,-3,-0.7930214115781098,-32212,1.2727272727272727,False,9,2516.285714285714,2499.714285714286,False
